Customer Id,Customer Rating,Gender,0,F Quartile,Frequency of Visit,Last Day(s) of Visit,M Quartile,Number of Records,R Quartile,RFM Class,Spending Per Visit (RM),Total Spending (RM)
280054,Potential Lost,Female,0,1,11,75,1,1,3,311,2121.346118182,23334.8073
280101,Potential Lost,Female,0,1,16,71,1,1,3,311,1108.1055625,17729.689
280917,Potential Lost,Female,0,1,29,71,1,1,3,311,181.403448276,5260.7
282441,Potential Lost,Female,0,1,26,74,1,1,3,311,300.186173077,7804.8405
282602,Potential Lost,Female,0,1,27,81,1,1,3,311,987.9922,26675.7894
283023,Potential Lost,Female,0,1,18,113,1,1,3,311,804.4073,14479.3314
289029,Potential Lost,Female,0,1,20,68,1,1,3,311,286.305,5726.1
305375,Potential Lost,Female,0,1,20,74,1,1,3,311,140.61,2812.2
309506,Potential Lost,Female,0,1,28,111,1,1,3,311,262.813471429,7358.7772
309766,Potential Lost,Female,0,1,12,64,1,1,3,311,1370.3,16443.6
666165,Potential Lost,Female,0,1,15,91,1,1,3,311,550.236406667,8253.5461
666543,Potential Lost,Female,0,1,11,133,1,1,3,311,568.730563636,6256.0362
869017,Potential Lost,Female,0,1,13,70,1,1,3,311,315.861538462,4106.2
203390,Regular Shoppers,Female,0,3,3,153,4,1,4,434,35.666666667,107
203402,Regular Shoppers,Female,0,4,1,77,4,1,3,344,101,101
203403,Regular Shoppers,Female,0,2,6,3,3,1,1,123,65.9,395.4
203522,Regular Shoppers,Female,0,2,7,41,2,1,2,222,172.4,1206.8
203732,Regular Shoppers,Female,0,2,5,3,4,1,1,124,17.6,88
203838,Regular Shoppers,Female,0,3,2,273,3,1,4,433,70.25,140.5
203858,Regular Shoppers,Female,0,4,1,289,3,1,4,443,158,158
203866,Regular Shoppers,Female,0,3,2,17,4,1,1,134,26.5,53
203867,Regular Shoppers,Female,0,3,2,289,4,1,4,434,5,10
203893,Regular Shoppers,Female,0,4,1,111,4,1,3,344,108,108
203895,Regular Shoppers,Female,0,4,1,18,4,1,1,144,43,43
203920,Regular Shoppers,Female,0,4,1,0,4,1,1,144,72,72
210321,Regular Shoppers,Female,0,4,1,184,3,1,4,443,180,180
210461,Regular Shoppers,Female,0,2,5,31,2,1,2,222,432.456,2162.28
210603,Regular Shoppers,Female,0,2,5,78,4,1,3,324,17.85,89.25
210608,Regular Shoppers,Female,0,3,2,251,2,1,4,432,1007.4156,2014.8312
210800,Regular Shoppers,Female,0,2,7,39,2,1,2,222,220.677142857,1544.74
210803,Regular Shoppers,Female,0,4,1,119,4,1,3,344,68.842,68.842
230004,Regular Shoppers,Female,0,2,4,105,3,1,3,323,90.1,360.4
230028,Regular Shoppers,Female,0,4,1,179,3,1,4,443,180,180
230029,Regular Shoppers,Female,0,4,1,92,2,1,3,342,1280,1280
230031,Regular Shoppers,Female,0,2,8,22,2,1,2,222,260.1375,2081.1
230032,Regular Shoppers,Female,0,4,1,124,4,1,3,344,6,6
230037,Regular Shoppers,Female,0,4,1,21,4,1,2,244,44,44
230043,Regular Shoppers,Female,0,2,4,105,2,1,3,322,295.6,1182.4
230069,Regular Shoppers,Female,0,3,2,50,3,1,2,233,154.5,309
230079,Regular Shoppers,Female,0,2,8,61,3,1,2,223,58.6,468.8
230080,Regular Shoppers,Female,0,4,1,214,3,1,4,443,131.2,131.2
230105,Regular Shoppers,Female,0,2,6,35,3,1,2,223,52.8,316.8
230117,Regular Shoppers,Female,0,3,2,104,2,1,3,332,278.5,557
230123,Regular Shoppers,Female,0,4,1,138,4,1,3,344,33,33
230125,Regular Shoppers,Female,0,4,1,220,2,1,4,442,2228,2228
230173,Regular Shoppers,Female,0,2,6,0,2,1,1,122,119.333333333,716
230176,Regular Shoppers,Female,0,4,1,92,4,1,3,344,83.6,83.6
230190,Regular Shoppers,Female,0,3,2,154,3,1,4,433,86,172
230193,Regular Shoppers,Female,0,4,1,70,3,1,3,343,172.8,172.8
230196,Regular Shoppers,Female,0,4,1,31,3,1,2,243,395,395
230205,Regular Shoppers,Female,0,2,9,14,3,1,1,123,36.055555556,324.5
230307,Regular Shoppers,Female,0,2,10,22,2,1,2,222,132.56,1325.6
230322,Regular Shoppers,Female,0,2,4,194,3,1,4,423,55.85,223.4
230336,Regular Shoppers,Female,0,4,1,209,3,1,4,443,115.4,115.4
230341,Regular Shoppers,Female,0,3,2,7,3,1,1,133,253.4,506.8
230346,Regular Shoppers,Female,0,2,7,5,2,1,1,122,233.142857143,1632
230348,Regular Shoppers,Female,0,4,1,155,3,1,4,443,224,224
230352,Regular Shoppers,Female,0,3,2,137,3,1,3,333,75.8,151.6
230358,Regular Shoppers,Female,0,3,2,22,4,1,2,234,11.5,23
230376,Regular Shoppers,Female,0,3,2,40,4,1,2,234,52.1,104.2
230395,Regular Shoppers,Female,0,2,4,47,3,1,2,223,63.9,255.6
230401,Regular Shoppers,Female,0,3,2,216,4,1,4,434,53.3,106.6
230471,Regular Shoppers,Female,0,3,3,11,4,1,1,134,28.066666667,84.2
230477,Regular Shoppers,Female,0,2,4,35,2,1,2,222,261.5,1046
230478,Regular Shoppers,Female,0,2,4,47,2,1,2,222,462.8,1851.2
230487,Regular Shoppers,Female,0,3,3,0,4,1,1,134,9,27
230603,Regular Shoppers,Female,0,2,4,42,2,1,2,222,255.2,1020.8
230610,Regular Shoppers,Female,0,2,7,21,2,1,2,222,85.714285714,600
230622,Regular Shoppers,Female,0,2,8,21,2,1,2,222,168.0625,1344.5
230639,Regular Shoppers,Female,0,3,2,92,2,1,3,332,400,800
230645,Regular Shoppers,Female,0,2,4,0,3,1,1,123,38.3,153.2
230755,Regular Shoppers,Female,0,3,3,92,3,1,3,333,99.133333333,297.4
230763,Regular Shoppers,Female,0,4,1,92,4,1,3,344,43,43
230789,Regular Shoppers,Female,0,4,1,31,3,1,2,243,256,256
230936,Regular Shoppers,Female,0,3,2,4,3,1,1,133,135,270
230937,Regular Shoppers,Female,0,3,2,102,4,1,3,334,46,92
230946,Regular Shoppers,Female,0,4,1,279,2,1,4,442,600,600
230947,Regular Shoppers,Female,0,2,4,138,4,1,3,324,16.5,66
230957,Regular Shoppers,Female,0,3,2,35,3,1,2,233,95.75,191.5
230959,Regular Shoppers,Female,0,2,7,4,3,1,1,123,45.314285714,317.2
230971,Regular Shoppers,Female,0,2,5,85,3,1,3,323,77.52,387.6
231076,Regular Shoppers,Female,0,3,3,123,3,1,3,333,92.533333333,277.6
231103,Regular Shoppers,Female,0,4,1,101,4,1,3,344,33.6,33.6
231107,Regular Shoppers,Female,0,2,4,22,4,1,2,224,22.55,90.2
231354,Regular Shoppers,Female,0,3,2,173,3,1,4,433,210,420
231392,Regular Shoppers,Female,0,4,1,188,2,1,4,442,1671,1671
231469,Regular Shoppers,Female,0,4,1,194,3,1,4,443,126,126
231484,Regular Shoppers,Female,0,2,4,31,3,1,2,223,62.375,249.5
231625,Regular Shoppers,Female,0,4,1,154,3,1,4,443,158,158
231634,Regular Shoppers,Female,0,3,3,43,3,1,2,233,57.066666667,171.2
231652,Regular Shoppers,Female,0,4,1,47,3,1,2,243,139,139
231656,Regular Shoppers,Female,0,3,2,141,3,1,4,433,234.4,468.8
231660,Regular Shoppers,Female,0,2,8,19,2,1,1,122,102.7,821.6
231667,Regular Shoppers,Female,0,2,5,12,3,1,1,123,98.4,492
231670,Regular Shoppers,Female,0,4,1,8,3,1,1,143,128,128
231672,Regular Shoppers,Female,0,2,5,8,3,1,1,123,68.26,341.3
231771,Regular Shoppers,Female,0,3,2,257,3,1,4,433,77,154
231774,Regular Shoppers,Female,0,3,2,94,3,1,3,333,92,184
231797,Regular Shoppers,Female,0,3,3,101,3,1,3,333,80,240
231801,Regular Shoppers,Female,0,4,1,105,4,1,3,344,27.4,27.4
231954,Regular Shoppers,Female,0,2,5,71,3,1,3,323,38.72,193.6
231959,Regular Shoppers,Female,0,3,3,179,2,1,4,432,448,1344
231963,Regular Shoppers,Female,0,4,1,285,3,1,4,443,350,350
231981,Regular Shoppers,Female,0,3,2,145,3,1,4,433,263,526
231991,Regular Shoppers,Female,0,4,1,140,4,1,3,344,59,59
231997,Regular Shoppers,Female,0,3,3,92,4,1,3,334,24.333333333,73
232016,Regular Shoppers,Female,0,3,2,245,4,1,4,434,9.2,18.4
232035,Regular Shoppers,Female,0,4,1,4,3,1,1,143,220,220
232062,Regular Shoppers,Female,0,4,1,0,3,1,1,143,256,256
232123,Regular Shoppers,Female,0,3,2,223,4,1,4,434,44.2,88.4
232143,Regular Shoppers,Female,0,2,5,10,3,1,1,123,56.42,282.1
232146,Regular Shoppers,Female,0,3,2,61,4,1,2,234,18.1,36.2
232148,Regular Shoppers,Female,0,2,7,61,2,1,2,222,97.485714286,682.4
232165,Regular Shoppers,Female,0,2,4,168,2,1,4,422,195.15,780.6
232291,Regular Shoppers,Female,0,4,1,179,3,1,4,443,162,162
232294,Regular Shoppers,Female,0,2,4,84,3,1,3,323,92.5,370
232421,Regular Shoppers,Female,0,2,4,49,2,1,2,222,425,1700
232428,Regular Shoppers,Female,0,3,2,85,4,1,3,334,20,40
232441,Regular Shoppers,Female,0,3,2,0,4,1,1,134,5.4,10.8
232455,Regular Shoppers,Female,0,2,4,159,2,1,4,422,361.575,1446.3
232459,Regular Shoppers,Female,0,3,2,96,3,1,3,333,139.8,279.6
232461,Regular Shoppers,Female,0,2,6,31,2,1,2,222,111.833333333,671
232468,Regular Shoppers,Female,0,2,8,10,3,1,1,123,24.375,195
232503,Regular Shoppers,Female,0,4,1,81,3,1,3,343,122.8,122.8
232504,Regular Shoppers,Female,0,3,2,162,2,1,4,432,658.1348,1316.2696
232508,Regular Shoppers,Female,0,3,3,47,3,1,2,233,135.933333333,407.8
232661,Regular Shoppers,Female,0,2,10,145,2,1,4,422,152.9,1529
232665,Regular Shoppers,Female,0,2,6,66,2,1,3,322,168.483333333,1010.9
232689,Regular Shoppers,Female,0,4,1,131,4,1,3,344,27,27
232705,Regular Shoppers,Female,0,3,2,10,3,1,1,133,219,438
232804,Regular Shoppers,Female,0,3,3,92,2,1,3,332,234,702
232811,Regular Shoppers,Female,0,4,1,48,4,1,2,244,4.6,4.6
232815,Regular Shoppers,Female,0,4,1,164,2,1,4,442,670,670
232819,Regular Shoppers,Female,0,2,8,25,3,1,2,223,26.34,210.72
232842,Regular Shoppers,Female,0,4,1,293,3,1,4,443,361.8,361.8
232877,Regular Shoppers,Female,0,3,2,92,2,1,3,332,515,1030
232909,Regular Shoppers,Female,0,3,2,171,3,1,4,433,189.6,379.2
232911,Regular Shoppers,Female,0,2,5,21,2,1,2,222,329.06,1645.3
232920,Regular Shoppers,Female,0,3,2,214,3,1,4,433,95.4,190.8
232939,Regular Shoppers,Female,0,2,10,39,2,1,2,222,170.95,1709.5
232946,Regular Shoppers,Female,0,3,3,92,3,1,3,333,116.333333333,349
232982,Regular Shoppers,Female,0,3,3,53,3,1,2,233,46.733333333,140.2
232987,Regular Shoppers,Female,0,2,5,49,3,1,2,223,48.36,241.8
233008,Regular Shoppers,Female,0,3,2,76,4,1,3,334,7.5,15
233016,Regular Shoppers,Female,0,3,3,7,2,1,1,132,350.933333333,1052.8
233027,Regular Shoppers,Female,0,4,1,132,4,1,3,344,19.5,19.5
233031,Regular Shoppers,Female,0,2,10,35,3,1,2,223,17.58,175.8
233037,Regular Shoppers,Female,0,4,1,31,4,1,2,244,32,32
233043,Regular Shoppers,Female,0,2,6,81,2,1,3,322,291.216666667,1747.3
233059,Regular Shoppers,Female,0,3,3,0,3,1,1,133,101.4,304.2
233062,Regular Shoppers,Female,0,3,2,64,2,1,3,332,868.95,1737.9
233101,Regular Shoppers,Female,0,2,10,21,3,1,2,223,51.8,518
233118,Regular Shoppers,Female,0,3,2,92,4,1,3,334,10.8,21.6
233130,Regular Shoppers,Female,0,3,2,14,3,1,1,133,160,320
233135,Regular Shoppers,Female,0,3,2,31,4,1,2,234,7.65,15.3
233139,Regular Shoppers,Female,0,2,4,8,2,1,1,122,330.93,1323.72
233144,Regular Shoppers,Female,0,4,1,133,3,1,3,343,124.6,124.6
233149,Regular Shoppers,Female,0,2,6,138,2,1,3,322,392,2352
233154,Regular Shoppers,Female,0,3,3,101,2,1,3,332,248.666666667,746
233166,Regular Shoppers,Female,0,4,1,85,4,1,3,344,100,100
233171,Regular Shoppers,Female,0,4,1,92,3,1,3,343,108.9,108.9
233173,Regular Shoppers,Female,0,2,5,145,3,1,4,423,36.46,182.3
233204,Regular Shoppers,Female,0,3,2,138,2,1,3,332,716,1432
233349,Regular Shoppers,Female,0,3,3,155,3,1,4,433,39.666666667,119
233354,Regular Shoppers,Female,0,4,1,51,4,1,2,244,61.2,61.2
233379,Regular Shoppers,Female,0,2,6,92,2,1,3,322,212.816666667,1276.9
233461,Regular Shoppers,Female,0,2,4,71,3,1,3,323,36.075,144.3
233463,Regular Shoppers,Female,0,3,2,179,3,1,4,433,144.5,289
233589,Regular Shoppers,Female,0,2,5,123,4,1,3,324,20.7,103.5
233617,Regular Shoppers,Female,0,3,2,0,3,1,1,133,63.2,126.4
233618,Regular Shoppers,Female,0,4,1,113,2,1,3,342,543.6,543.6
233619,Regular Shoppers,Female,0,2,7,61,3,1,2,223,67.114285714,469.8
233755,Regular Shoppers,Female,0,3,2,12,4,1,1,134,12,24
233760,Regular Shoppers,Female,0,2,5,0,3,1,1,123,59.96,299.8
242052,Regular Shoppers,Female,0,2,6,56,2,1,2,222,313.731666667,1882.39
244448,Regular Shoppers,Female,0,2,4,39,2,1,2,222,204.55,818.2
244462,Regular Shoppers,Female,0,3,2,18,2,1,1,132,640.76935,1281.5387
244466,Regular Shoppers,Female,0,2,5,148,3,1,4,423,47.21312,236.0656
244469,Regular Shoppers,Female,0,2,8,21,2,1,2,222,117.375,939
244470,Regular Shoppers,Female,0,4,1,224,3,1,4,443,465.3676,465.3676
250001,Regular Shoppers,Female,0,2,4,34,3,1,2,223,134.3,537.2
250005,Regular Shoppers,Female,0,4,1,36,3,1,2,243,141,141
250251,Regular Shoppers,Female,0,2,4,272,4,1,4,424,16.47,65.88
250453,Regular Shoppers,Female,0,2,6,229,2,1,4,422,413.739383333,2482.4363
250456,Regular Shoppers,Female,0,2,6,7,2,1,1,122,106.0397,636.2382
250500,Regular Shoppers,Female,0,2,7,21,2,1,2,222,293.375714286,2053.63
250606,Regular Shoppers,Female,0,2,10,48,2,1,2,222,173.68,1736.8
250753,Regular Shoppers,Female,0,3,2,41,2,1,2,232,813.9,1627.8
252674,Regular Shoppers,Female,0,3,3,7,3,1,1,133,123.933333333,371.8
252960,Regular Shoppers,Female,0,2,6,109,2,1,3,322,383,2298
255503,Regular Shoppers,Female,0,4,1,57,2,1,2,242,1622.625,1622.625
255510,Regular Shoppers,Female,0,4,1,244,2,1,4,442,1527.444,1527.444
255514,Regular Shoppers,Female,0,2,9,7,3,1,1,123,46.644444444,419.8
255576,Regular Shoppers,Female,0,2,4,216,2,1,4,422,333.0827,1332.3308
255589,Regular Shoppers,Female,0,4,1,20,2,1,1,142,645,645
255591,Regular Shoppers,Female,0,4,1,215,2,1,4,442,1102.3506,1102.3506
255693,Regular Shoppers,Female,0,4,1,15,2,1,1,142,984.06,984.06
262000,Regular Shoppers,Female,0,3,3,69,2,1,3,332,521.333333333,1564
262001,Regular Shoppers,Female,0,2,6,14,2,1,1,122,252.533333333,1515.2
262011,Regular Shoppers,Female,0,2,10,8,2,1,1,122,130.3,1303
262013,Regular Shoppers,Female,0,2,7,21,2,1,2,222,128.542857143,899.8
262014,Regular Shoppers,Female,0,2,4,21,2,1,2,222,422.25,1689
262015,Regular Shoppers,Female,0,3,3,57,3,1,2,233,99.933333333,299.8
262017,Regular Shoppers,Female,0,2,4,48,3,1,2,223,83.975,335.9
262059,Regular Shoppers,Female,0,4,1,4,4,1,1,144,63,63
262063,Regular Shoppers,Female,0,3,3,27,4,1,2,234,3.066666667,9.2
262089,Regular Shoppers,Female,0,3,2,5,3,1,1,133,138,276
262106,Regular Shoppers,Female,0,3,3,25,3,1,2,233,116,348
262107,Regular Shoppers,Female,0,4,1,5,4,1,1,144,12,12
262129,Regular Shoppers,Female,0,4,1,34,2,1,2,242,570,570
262130,Regular Shoppers,Female,0,3,2,22,3,1,2,233,110,220
262132,Regular Shoppers,Female,0,2,7,91,4,1,3,324,13.985714286,97.9
262143,Regular Shoppers,Female,0,3,3,224,3,1,4,433,60.666666667,182
262149,Regular Shoppers,Female,0,2,8,20,3,1,1,123,65.875,527
262151,Regular Shoppers,Female,0,3,2,146,2,1,4,432,427.5,855
262164,Regular Shoppers,Female,0,4,1,35,3,1,2,243,167,167
262168,Regular Shoppers,Female,0,2,10,90,2,1,3,322,129.9,1299
262193,Regular Shoppers,Female,0,3,2,97,4,1,3,334,1.8,3.6
262196,Regular Shoppers,Female,0,3,2,151,4,1,4,434,5.8,11.6
203733,High Value Shoppers,Female,0,3,3,138,1,1,3,331,2425.333333333,7276
210671,High Value Shoppers,Female,0,2,7,19,1,1,1,121,10595.735985714,74170.1519
230054,High Value Shoppers,Female,0,3,3,179,1,1,4,431,2099.2,6297.6
230082,High Value Shoppers,Female,0,4,1,245,1,1,4,441,4590,4590
230124,High Value Shoppers,Female,0,3,2,168,1,1,4,431,4175,8350
230650,High Value Shoppers,Female,0,2,6,8,1,1,1,121,546.733333333,3280.4
232052,High Value Shoppers,Female,0,3,3,134,1,1,3,331,1980,5940
233001,High Value Shoppers,Female,0,2,8,34,1,1,2,221,1023.55,8188.4
233052,High Value Shoppers,Female,0,3,2,140,1,1,3,331,1882.9,3765.8
233126,High Value Shoppers,Female,0,3,2,123,1,1,3,331,2492.5,4985
242046,High Value Shoppers,Female,0,2,8,91,1,1,3,321,542.472925,4339.7834
244444,High Value Shoppers,Female,0,2,10,96,1,1,3,321,563.95249,5639.5249
244455,High Value Shoppers,Female,0,2,5,26,1,1,2,221,2520.32566,12601.6283
244465,High Value Shoppers,Female,0,2,10,55,1,1,2,221,693.99841,6939.9841
250250,High Value Shoppers,Female,0,3,2,203,1,1,4,431,2442.5736,4885.1472
262437,High Value Shoppers,Female,0,2,6,7,1,1,1,121,552.016666667,3312.1
262496,High Value Shoppers,Female,0,3,2,154,1,1,4,431,2250,4500
268005,High Value Shoppers,Female,0,2,7,4,1,1,1,121,801.857142857,5613
270008,High Value Shoppers,Female,0,4,1,84,1,1,3,341,3769.819,3769.819
270013,High Value Shoppers,Female,0,2,9,78,1,1,3,321,1031.803977778,9286.2358
278001,High Value Shoppers,Female,0,2,7,46,1,1,2,221,1185.319385714,8297.2357
280039,High Value Shoppers,Female,0,3,3,117,1,1,3,331,1507.2036,4521.6108
280326,High Value Shoppers,Female,0,2,8,11,1,1,1,121,447.375,3579
280467,High Value Shoppers,Female,0,2,7,29,1,1,2,221,2962.199171429,20735.3942
280952,High Value Shoppers,Female,0,2,6,49,1,1,2,221,907.303533333,5443.8212
289024,High Value Shoppers,Female,0,2,5,166,1,1,4,421,584,2920
289026,High Value Shoppers,Female,0,4,1,182,1,1,4,441,2954.772,2954.772
300028,High Value Shoppers,Female,0,2,8,92,1,1,3,321,622.73125,4981.85
300133,High Value Shoppers,Female,0,3,3,31,1,1,2,231,4284.87,12854.61
300647,High Value Shoppers,Female,0,2,4,96,1,1,3,321,806.7015,3226.806
302093,High Value Shoppers,Female,0,2,5,102,1,1,3,321,6592.98,32964.9
303509,High Value Shoppers,Female,0,2,10,7,1,1,1,121,623.28,6232.8
306782,High Value Shoppers,Female,0,2,4,31,1,1,2,221,1133.25,4533
306910,High Value Shoppers,Female,0,2,4,101,1,1,3,321,7434,29736
309276,High Value Shoppers,Female,0,4,1,148,1,1,4,441,4829,4829
310257,High Value Shoppers,Female,0,2,6,55,1,1,2,221,533.766666667,3202.6
311085,High Value Shoppers,Female,0,2,5,11,1,1,1,121,629.12032,3145.6016
312732,High Value Shoppers,Female,0,3,2,187,1,1,4,431,2386.8,4773.6
313938,High Value Shoppers,Female,0,4,1,53,1,1,2,241,5800,5800
315044,High Value Shoppers,Female,0,2,6,69,1,1,3,321,2104.166666667,12625
318794,High Value Shoppers,Female,0,2,5,57,1,1,2,221,620.96,3104.8
322094,High Value Shoppers,Female,0,3,2,179,1,1,4,431,2000,4000
327276,High Value Shoppers,Female,0,3,3,94,1,1,3,331,1581,4743
327945,High Value Shoppers,Female,0,3,3,47,1,1,2,231,1428.333333333,4285
328394,High Value Shoppers,Female,0,3,2,85,1,1,3,331,7500,15000
330591,High Value Shoppers,Female,0,3,3,92,1,1,3,331,1620,4860
330678,High Value Shoppers,Female,0,3,2,179,1,1,4,431,1724,3448
334069,High Value Shoppers,Female,0,3,2,185,1,1,4,431,1610,3220
334580,High Value Shoppers,Female,0,4,1,288,1,1,4,441,4800,4800
334798,High Value Shoppers,Female,0,4,1,153,1,1,4,441,4894,4894
336636,High Value Shoppers,Female,0,4,1,35,1,1,2,241,5820,5820
338692,High Value Shoppers,Female,0,4,1,259,1,1,4,441,4660,4660
339218,High Value Shoppers,Female,0,4,1,184,1,1,4,441,4700,4700
339539,High Value Shoppers,Female,0,4,1,133,1,1,3,341,4800,4800
600177,High Value Shoppers,Female,0,2,10,96,1,1,3,321,413.166,4131.66
666229,High Value Shoppers,Female,0,2,8,91,1,1,3,321,383.6374,3069.0992
666236,High Value Shoppers,Female,0,2,5,26,1,1,2,221,1843.53,9217.65
666253,High Value Shoppers,Female,0,2,10,55,1,1,2,221,498.6,4986
666256,High Value Shoppers,Female,0,2,4,55,1,1,2,221,1476.55025,5906.201
666531,High Value Shoppers,Female,0,2,4,82,1,1,3,321,941.75875,3767.035
869368,Lost Customer,Female,0,1,32,165,1,1,4,411,823.9525,26366.48
233018,Window Shoppers,Female,0,4,1,216,4,1,4,444,90,90
233471,Window Shoppers,Female,0,4,1,147,4,1,4,444,9.9,9.9
233566,Window Shoppers,Female,0,4,1,154,4,1,4,444,4.5,4.5
233596,Window Shoppers,Female,0,4,1,154,4,1,4,444,3.8,3.8
233759,Window Shoppers,Female,0,4,1,253,4,1,4,444,18,18
233952,Window Shoppers,Female,0,4,1,252,4,1,4,444,4,4
252675,Window Shoppers,Female,0,4,1,146,4,1,4,444,52.5,52.5
255517,Window Shoppers,Female,0,4,1,222,4,1,4,444,22,22
262032,Window Shoppers,Female,0,4,1,210,4,1,4,444,11.178,11.178
262165,Window Shoppers,Female,0,4,1,245,4,1,4,444,7.8,7.8
262400,Window Shoppers,Female,0,4,1,265,4,1,4,444,65.7,65.7
262426,Window Shoppers,Female,0,4,1,284,4,1,4,444,13.5,13.5
262445,Window Shoppers,Female,0,4,1,162,4,1,4,444,46.4,46.4
262484,Window Shoppers,Female,0,4,1,243,4,1,4,444,70,70
280335,Window Shoppers,Female,0,4,1,256,4,1,4,444,99,99
280535,Window Shoppers,Female,0,4,1,216,4,1,4,444,41.5,41.5
280536,Window Shoppers,Female,0,4,1,215,4,1,4,444,90,90
280920,Window Shoppers,Female,0,4,1,284,4,1,4,444,76,76
280958,Window Shoppers,Female,0,4,1,259,4,1,4,444,22.5,22.5
300214,Window Shoppers,Female,0,4,1,145,4,1,4,444,60,60
300255,Window Shoppers,Female,0,4,1,147,4,1,4,444,80,80
300614,Window Shoppers,Female,0,4,1,260,4,1,4,444,9,9
302070,Window Shoppers,Female,0,4,1,292,4,1,4,444,77,77
302483,Window Shoppers,Female,0,4,1,246,4,1,4,444,38.4,38.4
303141,Window Shoppers,Female,0,4,1,289,4,1,4,444,42,42
304601,Window Shoppers,Female,0,4,1,273,4,1,4,444,31.2,31.2
305273,Window Shoppers,Female,0,4,1,294,4,1,4,444,70,70
307189,Window Shoppers,Female,0,4,1,232,4,1,4,444,4.2,4.2
307314,Window Shoppers,Female,0,4,1,249,4,1,4,444,10.8,10.8
307316,Window Shoppers,Female,0,4,1,175,4,1,4,444,8,8
309865,Window Shoppers,Female,0,4,1,245,4,1,4,444,7,7
310560,Window Shoppers,Female,0,4,1,153,4,1,4,444,28,28
310711,Window Shoppers,Female,0,4,1,218,4,1,4,444,20,20
311285,Window Shoppers,Female,0,4,1,195,4,1,4,444,45.6,45.6
311397,Window Shoppers,Female,0,4,1,210,4,1,4,444,63,63
311503,Window Shoppers,Female,0,4,1,246,4,1,4,444,35.2,35.2
312570,Window Shoppers,Female,0,4,1,257,4,1,4,444,63,63
313952,Window Shoppers,Female,0,4,1,253,4,1,4,444,32.7,32.7
313975,Window Shoppers,Female,0,4,1,208,4,1,4,444,26.4,26.4
314404,Window Shoppers,Female,0,4,1,235,4,1,4,444,16.4,16.4
314905,Window Shoppers,Female,0,4,1,273,4,1,4,444,67,67
314986,Window Shoppers,Female,0,4,1,266,4,1,4,444,16.8,16.8
315302,Window Shoppers,Female,0,4,1,291,4,1,4,444,24,24
316876,Window Shoppers,Female,0,4,1,168,4,1,4,444,45.6,45.6
317068,Window Shoppers,Female,0,4,1,266,4,1,4,444,12,12
319182,Window Shoppers,Female,0,4,1,223,4,1,4,444,37,37
320417,Window Shoppers,Female,0,4,1,190,4,1,4,444,21.5,21.5
321222,Window Shoppers,Female,0,4,1,246,4,1,4,444,84,84
321651,Window Shoppers,Female,0,4,1,193,4,1,4,444,38,38
322131,Window Shoppers,Female,0,4,1,266,4,1,4,444,29,29
322444,Window Shoppers,Female,0,4,1,153,4,1,4,444,16,16
323533,Window Shoppers,Female,0,4,1,289,4,1,4,444,42,42
325015,Window Shoppers,Female,0,4,1,267,4,1,4,444,12.4,12.4
328694,Window Shoppers,Female,0,4,1,246,4,1,4,444,96,96
329408,Window Shoppers,Female,0,4,1,231,4,1,4,444,84,84
330295,Window Shoppers,Female,0,4,1,147,4,1,4,444,100,100
330686,Window Shoppers,Female,0,4,1,168,4,1,4,444,24.5,24.5
332089,Window Shoppers,Female,0,4,1,245,4,1,4,444,12,12
333602,Window Shoppers,Female,0,4,1,257,4,1,4,444,2.8,2.8
334450,Window Shoppers,Female,0,4,1,162,4,1,4,444,57,57
335657,Window Shoppers,Female,0,4,1,201,4,1,4,444,22.5,22.5
335824,Window Shoppers,Female,0,4,1,194,4,1,4,444,99,99
336280,Window Shoppers,Female,0,4,1,273,4,1,4,444,19.4,19.4
336650,Window Shoppers,Female,0,4,1,223,4,1,4,444,21,21
336919,Window Shoppers,Female,0,4,1,193,4,1,4,444,62.6,62.6
336920,Window Shoppers,Female,0,4,1,258,4,1,4,444,54,54
336938,Window Shoppers,Female,0,4,1,207,4,1,4,444,56,56
337353,Window Shoppers,Female,0,4,1,145,4,1,4,444,30,30
339536,Window Shoppers,Female,0,4,1,153,4,1,4,444,30,30
869372,Window Shoppers,Female,0,4,1,222,4,1,4,444,43.25,43.25
200024,Frequent Shopper,Female,0,1,19,0,2,1,1,112,39.5,750.5
200104,Frequent Shopper,Female,0,1,18,3,2,1,1,112,61.111111111,1100
200108,Frequent Shopper,Female,0,1,13,47,3,1,2,213,30.923076923,402
200265,Frequent Shopper,Female,0,1,18,3,2,1,1,112,57.783333333,1040.1
200278,Frequent Shopper,Female,0,1,17,31,2,1,2,212,107.732352941,1831.45
200327,Frequent Shopper,Female,0,1,14,3,2,1,1,112,78.414285714,1097.8
200352,Frequent Shopper,Female,0,1,11,12,2,1,1,112,72.090909091,793
200658,Frequent Shopper,Female,0,1,28,3,2,1,1,112,41.146428571,1152.1
200808,Frequent Shopper,Female,0,1,11,62,2,1,3,312,112.363636364,1236
200983,Frequent Shopper,Female,0,1,20,0,2,1,1,112,84.465,1689.3
201166,Frequent Shopper,Female,0,1,41,0,2,1,1,112,60.175609756,2467.2
201616,Frequent Shopper,Female,0,1,17,94,2,1,3,312,85.970588235,1461.5
201641,Frequent Shopper,Female,0,1,17,3,2,1,1,112,53.617647059,911.5
201646,Frequent Shopper,Female,0,1,12,3,2,1,1,112,173,2076
201651,Frequent Shopper,Female,0,1,15,3,2,1,1,112,75.166666667,1127.5
202225,Frequent Shopper,Female,0,1,12,21,2,1,2,212,55.158333333,661.9
202230,Frequent Shopper,Female,0,1,11,47,2,1,2,212,171.327272727,1884.6
202669,Frequent Shopper,Female,0,1,19,8,3,1,1,113,26.931578947,511.7
202670,Frequent Shopper,Female,0,1,13,21,1,1,2,211,277.384615385,3606
202854,Frequent Shopper,Female,0,1,11,0,2,1,1,112,54.090909091,595
203078,Frequent Shopper,Female,0,1,29,18,2,1,1,112,51.931034483,1506
203103,Frequent Shopper,Female,0,1,23,0,3,1,1,113,19.817391304,455.8
203703,Frequent Shopper,Female,0,1,21,3,2,1,1,112,67.547619048,1418.5
203874,Frequent Shopper,Female,0,1,19,3,2,1,1,112,94.763157895,1800.5
210604,Frequent Shopper,Female,0,1,44,35,1,1,2,211,436.659772727,19213.03
210628,Frequent Shopper,Female,0,1,22,35,1,1,2,211,929.481818182,20448.6
210630,Frequent Shopper,Female,0,1,37,35,1,1,2,211,1063.268648649,39340.94
210631,Frequent Shopper,Female,0,1,21,35,1,1,2,211,634.857142857,13332
210632,Frequent Shopper,Female,0,1,66,42,1,1,2,211,376.230757576,24831.23
230805,Frequent Shopper,Female,0,1,11,22,4,1,2,214,8.036363636,88.4
231387,Frequent Shopper,Female,0,1,17,41,2,1,2,212,92.623529412,1574.6
231604,Frequent Shopper,Female,0,1,11,8,2,1,1,112,139.390909091,1533.3
231619,Frequent Shopper,Female,0,1,15,43,2,1,2,212,130.206666667,1953.1
231639,Frequent Shopper,Female,0,1,13,31,3,1,2,213,21.246153846,276.2
231785,Frequent Shopper,Female,0,1,19,21,2,1,2,212,77.452631579,1471.6
232160,Frequent Shopper,Female,0,1,12,31,3,1,2,213,17.758333333,213.1
232161,Frequent Shopper,Female,0,1,15,49,2,1,2,212,109.866666667,1648
232265,Frequent Shopper,Female,0,1,19,12,2,1,1,112,124.9,2373.1
232284,Frequent Shopper,Female,0,1,17,0,2,1,1,112,50.970588235,866.5
232509,Frequent Shopper,Female,0,1,13,4,2,1,1,112,66.692307692,867
233123,Frequent Shopper,Female,0,1,21,49,1,1,2,211,286.838095238,6023.6
244456,Frequent Shopper,Female,0,1,14,26,2,1,2,212,66.141385714,925.9794
250191,Frequent Shopper,Female,0,1,11,119,2,1,3,312,78.267272727,860.94
250604,Frequent Shopper,Female,0,1,24,57,1,1,2,211,2233.029883333,53592.7172
253157,Frequent Shopper,Female,0,1,31,54,1,1,2,211,2323.016406452,72013.5086
255507,Frequent Shopper,Female,0,1,18,21,1,1,2,211,556.983127778,10025.6963
255515,Frequent Shopper,Female,0,1,27,34,1,1,2,211,331.815144444,8959.0089
255577,Frequent Shopper,Female,0,1,22,26,1,1,2,211,336.9903,7413.7866
255689,Frequent Shopper,Female,0,1,18,4,2,1,1,112,106.011111111,1908.2
262003,Frequent Shopper,Female,0,1,26,21,1,1,2,211,216.323076923,5624.4
262024,Frequent Shopper,Female,0,1,44,3,2,1,1,112,45.875,2018.5
262438,Frequent Shopper,Female,0,1,11,42,2,1,2,212,74.290909091,817.2
262465,Frequent Shopper,Female,0,1,19,21,1,1,2,211,223.447368421,4245.5
262477,Frequent Shopper,Female,0,1,45,1,2,1,1,112,59.560222222,2680.21
262999,Frequent Shopper,Female,0,1,81,0,2,1,1,112,27.474074074,2225.4
268006,Frequent Shopper,Female,0,1,12,4,2,1,1,112,85.533333333,1026.4
268008,Frequent Shopper,Female,0,1,39,25,1,1,2,211,109.720512821,4279.1
270001,Frequent Shopper,Female,0,1,34,46,1,1,2,211,689.483176471,23442.428
270005,Frequent Shopper,Female,0,1,33,35,1,1,2,211,994.844093939,32829.8551
270011,Frequent Shopper,Female,0,1,51,28,1,1,2,211,127.5385,6504.4635
270012,Frequent Shopper,Female,0,1,53,28,1,1,2,211,178.385807547,9454.4478
270027,Frequent Shopper,Female,0,1,31,27,1,1,2,211,250.797464516,7774.7214
270030,Frequent Shopper,Female,0,1,164,39,1,1,2,211,480.063109756,78730.35
270032,Frequent Shopper,Female,0,1,55,50,1,1,2,211,509.235347273,28007.9441
280055,Frequent Shopper,Female,0,1,15,46,1,1,2,211,576.862446667,8652.9367
280058,Frequent Shopper,Female,0,1,45,35,1,1,2,211,965.351553333,43440.8199
280285,Frequent Shopper,Female,0,1,34,25,1,1,2,211,1450.516432353,49317.5587
280442,Frequent Shopper,Female,0,1,18,46,1,1,2,211,244.322222222,4397.8
280548,Frequent Shopper,Female,0,1,12,4,2,1,1,112,98.333333333,1180
280576,Frequent Shopper,Female,0,1,11,5,2,1,1,112,50.786363636,558.65
280912,Frequent Shopper,Female,0,1,22,29,1,1,2,211,1006.171227273,22135.767
280914,Frequent Shopper,Female,0,1,23,20,2,1,1,112,98.495652174,2265.4
280915,Frequent Shopper,Female,0,1,70,25,1,1,2,211,957.948697143,67056.4088
280921,Frequent Shopper,Female,0,1,65,25,1,1,2,211,442.387687692,28755.1997
280939,Frequent Shopper,Female,0,1,14,27,1,1,2,211,523.926564286,7334.9719
280940,Frequent Shopper,Female,0,1,43,34,1,1,2,211,1631.914455814,70172.3216
280942,Frequent Shopper,Female,0,1,33,21,1,1,2,211,464.610875758,15332.1589
280949,Frequent Shopper,Female,0,1,59,35,1,1,2,211,448.827135593,26480.801
280950,Frequent Shopper,Female,0,1,56,21,1,1,2,211,631.883853571,35385.4958
280951,Frequent Shopper,Female,0,1,33,21,1,1,2,211,959.174669697,31652.7641
280953,Frequent Shopper,Female,0,1,27,21,1,1,2,211,499.552518519,13487.918
280954,Frequent Shopper,Female,0,1,13,35,1,1,2,211,434.641584615,5650.3406
280956,Frequent Shopper,Female,0,1,23,35,1,1,2,211,704.870247826,16212.0157
280959,Frequent Shopper,Female,0,1,56,42,1,1,2,211,743.621471429,41642.8024
282559,Frequent Shopper,Female,0,1,33,29,1,1,2,211,2891.946675758,95434.2403
283025,Frequent Shopper,Female,0,1,28,48,1,1,2,211,799.080207143,22374.2458
288601,Frequent Shopper,Female,0,1,14,19,2,1,1,112,169.185314286,2368.5944
289016,Frequent Shopper,Female,0,1,15,25,1,1,2,211,1932.518573333,28987.7786
300456,Frequent Shopper,Female,0,1,32,47,1,1,2,211,221.253125,7080.1
301425,Frequent Shopper,Female,0,1,18,18,2,1,1,112,112.35,2022.3
301814,Frequent Shopper,Female,0,1,26,21,1,1,2,211,1004.289130769,26111.5174
302576,Frequent Shopper,Female,0,1,14,55,1,1,2,211,526.247271429,7367.4618
302851,Frequent Shopper,Female,0,1,14,3,2,1,1,112,72.271428571,1011.8
304043,Frequent Shopper,Female,0,1,16,61,2,1,2,212,44.38125,710.1
306640,Frequent Shopper,Female,0,1,18,1,2,1,1,112,76.455555556,1376.2
308781,Frequent Shopper,Female,0,1,12,12,2,1,1,112,51.6,619.2
309386,Frequent Shopper,Female,0,1,11,21,2,1,2,212,91.672727273,1008.4
310063,Frequent Shopper,Female,0,1,11,42,2,1,2,212,131.996363636,1451.96
312459,Frequent Shopper,Female,0,1,23,31,1,1,2,211,172.586956522,3969.5
312775,Frequent Shopper,Female,0,1,20,11,2,1,1,112,77.705,1554.1
315169,Frequent Shopper,Female,0,1,14,5,2,1,1,112,169.021428571,2366.3
318333,Frequent Shopper,Female,0,1,12,31,2,1,2,212,49.366666667,592.4
318735,Frequent Shopper,Female,0,1,20,3,2,1,1,112,137.81,2756.2
319448,Frequent Shopper,Female,0,1,13,18,2,1,1,112,208.169230769,2706.2
319993,Frequent Shopper,Female,0,1,17,61,2,1,2,212,106.247058824,1806.2
321075,Frequent Shopper,Female,0,1,26,31,1,1,2,211,116.45,3027.7
321146,Frequent Shopper,Female,0,1,14,28,3,1,2,213,27.85,389.9
321713,Frequent Shopper,Female,0,1,17,94,2,1,3,312,158.217647059,2689.7
323523,Frequent Shopper,Female,0,1,11,46,2,1,2,212,86.763636364,954.4
324069,Frequent Shopper,Female,0,1,14,39,2,1,2,212,75.985714286,1063.8
325255,Frequent Shopper,Female,0,1,19,3,2,1,1,112,58.357894737,1108.8
326211,Frequent Shopper,Female,0,1,12,0,3,1,1,113,26.1,313.2
327299,Frequent Shopper,Female,0,1,11,63,2,1,3,312,88.8,976.8
328670,Frequent Shopper,Female,0,1,16,48,2,1,2,212,147.75,2364
329679,Frequent Shopper,Female,0,1,12,18,2,1,1,112,86,1032
329881,Frequent Shopper,Female,0,1,12,8,2,1,1,112,125.316666667,1503.8
331229,Frequent Shopper,Female,0,1,38,3,2,1,1,112,51.789473684,1968
333582,Frequent Shopper,Female,0,1,19,42,1,1,2,211,162.236842105,3082.5
334909,Frequent Shopper,Female,0,1,22,0,2,1,1,112,77.490909091,1704.8
335783,Frequent Shopper,Female,0,1,17,5,2,1,1,112,49.064705882,834.1
666099,Frequent Shopper,Female,0,1,22,53,1,1,2,211,218.430045455,4805.461
666237,Frequent Shopper,Female,0,1,14,26,2,1,2,212,47.232857143,661.26
666529,Frequent Shopper,Female,0,1,14,209,2,1,4,412,80.857142857,1132
666532,Frequent Shopper,Female,0,1,23,26,1,1,2,211,344.368852174,7920.4836
666554,Frequent Shopper,Female,0,1,12,50,1,1,2,211,335.117283333,4021.4074
666556,Frequent Shopper,Female,0,1,11,27,1,1,2,211,717.870054545,7896.5706
666557,Frequent Shopper,Female,0,1,14,25,1,1,2,211,6073.740485714,85032.3668
666568,Frequent Shopper,Female,0,1,52,29,1,1,2,211,75.175888462,3909.1462
869003,Frequent Shopper,Female,0,1,40,28,1,1,2,211,241.57042,9662.8168
200286,Premium Shoppers,Female,0,1,21,3,1,1,1,111,394.761904762,8290
200320,Premium Shoppers,Female,0,1,15,0,1,1,1,111,184.88,2773.2
201506,Premium Shoppers,Female,0,1,30,16,1,1,1,111,194.05,5821.5
202223,Premium Shoppers,Female,0,1,49,0,1,1,1,111,97.561224490,4780.5
202864,Premium Shoppers,Female,0,1,15,18,1,1,1,111,207.293333333,3109.4
203084,Premium Shoppers,Female,0,1,32,3,1,1,1,111,260.465625,8334.9
210600,Premium Shoppers,Female,0,1,260,0,1,1,1,111,615.340576923,159988.55
210601,Premium Shoppers,Female,0,1,69,7,1,1,1,111,364.696231884,25164.04
210602,Premium Shoppers,Female,0,1,102,6,1,1,1,111,495.804901961,50572.1
210606,Premium Shoppers,Female,0,1,254,0,1,1,1,111,710.607283465,180494.25
210633,Premium Shoppers,Female,0,1,61,6,1,1,1,111,460.903278689,28115.1
210636,Premium Shoppers,Female,0,1,31,6,1,1,1,111,375.516774194,11641.02
210670,Premium Shoppers,Female,0,1,44,11,1,1,1,111,419.8052,18471.4288
210726,Premium Shoppers,Female,0,1,315,0,1,1,1,111,1128.010381905,355323.2703
210802,Premium Shoppers,Female,0,1,134,4,1,1,1,111,289.790373134,38831.91
230062,Premium Shoppers,Female,0,1,36,11,1,1,1,111,90.169444444,3246.1
230103,Premium Shoppers,Female,0,1,44,4,1,1,1,111,132.297727273,5821.1
230319,Premium Shoppers,Female,0,1,22,14,1,1,1,111,186.881818182,4111.4
230489,Premium Shoppers,Female,0,1,14,6,1,1,1,111,669.785714286,9377
230767,Premium Shoppers,Female,0,1,184,0,1,1,1,111,168.521467391,31007.95
230787,Premium Shoppers,Female,0,1,85,0,1,1,1,111,101.06,8590.1
231757,Premium Shoppers,Female,0,1,87,0,1,1,1,111,509.252873563,44305
232693,Premium Shoppers,Female,0,1,116,0,1,1,1,111,212.434482759,24642.4
232696,Premium Shoppers,Female,0,1,20,11,1,1,1,111,210.83,4216.6
232854,Premium Shoppers,Female,0,1,23,12,1,1,1,111,131.328695652,3020.56
232878,Premium Shoppers,Female,0,1,326,4,1,1,1,111,97.755981595,31868.45
232970,Premium Shoppers,Female,0,1,49,0,1,1,1,111,91.510204082,4484
233004,Premium Shoppers,Female,0,1,119,0,1,1,1,111,94.164705882,11205.6
233570,Premium Shoppers,Female,0,1,187,0,1,1,1,111,126.140641711,23588.3
233616,Premium Shoppers,Female,0,1,43,0,1,1,1,111,91.506976744,3934.8
233671,Premium Shoppers,Female,0,1,37,19,1,1,1,111,107.464864865,3976.2
242034,Premium Shoppers,Female,0,1,158,5,1,1,1,111,1432.783672152,226379.8202
242045,Premium Shoppers,Female,0,1,221,15,1,1,1,111,1210.033981900,267417.51
244446,Premium Shoppers,Female,0,1,116,20,1,1,1,111,242.187056897,28093.6986
244467,Premium Shoppers,Female,0,1,144,8,1,1,1,111,325.352222222,46850.72
250254,Premium Shoppers,Female,0,1,91,5,1,1,1,111,1072.917252747,97635.47
250454,Premium Shoppers,Female,0,1,11,18,1,1,1,111,5273.537090909,58008.908
250457,Premium Shoppers,Female,0,1,20,15,1,1,1,111,5161.15899,103223.1798
250603,Premium Shoppers,Female,0,1,35,14,1,1,1,111,2292.337168571,80231.8009
252682,Premium Shoppers,Female,0,1,20,0,1,1,1,111,1840.93116,36818.6232
253155,Premium Shoppers,Female,0,1,16,14,1,1,1,111,1306.14178125,20898.2685
255506,Premium Shoppers,Female,0,1,40,15,1,1,1,111,583.03664,23321.4656
255511,Premium Shoppers,Female,0,1,17,11,1,1,1,111,510.775317647,8683.1804
255555,Premium Shoppers,Female,0,1,12,20,1,1,1,111,903.821766667,10845.8612
255584,Premium Shoppers,Female,0,1,37,5,1,1,1,111,619.287740541,22913.6464
262008,Premium Shoppers,Female,0,1,44,0,1,1,1,111,139.770454545,6149.9
262012,Premium Shoppers,Female,0,1,36,20,1,1,1,111,202.5,7290
262023,Premium Shoppers,Female,0,1,149,1,1,1,1,111,51.717449664,7705.9
262025,Premium Shoppers,Female,0,1,216,0,1,1,1,111,90.9875,19653.3
262029,Premium Shoppers,Female,0,1,66,8,1,1,1,111,150.669696970,9944.2
262128,Premium Shoppers,Female,0,1,73,11,1,1,1,111,92.952054795,6785.5
262147,Premium Shoppers,Female,0,1,36,7,1,1,1,111,1097.609294444,39513.9346
262161,Premium Shoppers,Female,0,1,51,5,1,1,1,111,177.220709804,9038.2562
262173,Premium Shoppers,Female,0,1,130,6,1,1,1,111,42.500076923,5525.01
262462,Premium Shoppers,Female,0,1,18,12,1,1,1,111,483.511111111,8703.2
262463,Premium Shoppers,Female,0,1,24,8,1,1,1,111,283.516666667,6804.4
262500,Premium Shoppers,Female,0,1,20,8,1,1,1,111,149.165,2983.3
267001,Premium Shoppers,Female,0,1,15,1,1,1,1,111,194.760666667,2921.41
268012,Premium Shoppers,Female,0,1,19,4,1,1,1,111,187.873684211,3569.6
270000,Premium Shoppers,Female,0,1,229,7,1,1,1,111,772.939159825,177003.0676
270006,Premium Shoppers,Female,0,1,13,4,1,1,1,111,915.046153846,11895.6
270019,Premium Shoppers,Female,0,1,155,0,1,1,1,111,1191.748387097,184721
270023,Premium Shoppers,Female,0,1,57,14,1,1,1,111,263.587901754,15024.5104
270024,Premium Shoppers,Female,0,1,335,14,1,1,1,111,300.254044179,100585.1048
270025,Premium Shoppers,Female,0,1,138,0,1,1,1,111,412.124126812,56873.1295
270026,Premium Shoppers,Female,0,1,50,4,1,1,1,111,183.635764,9181.7882
270031,Premium Shoppers,Female,0,1,11,6,1,1,1,111,639.423172727,7033.6549
270033,Premium Shoppers,Female,0,1,242,0,1,1,1,111,147.642933884,35729.59
280001,Premium Shoppers,Female,0,1,25,0,1,1,1,111,1637.260584,40931.5146
280056,Premium Shoppers,Female,0,1,85,4,1,1,1,111,788.837524706,67051.1896
280057,Premium Shoppers,Female,0,1,118,5,1,1,1,111,809.390636441,95508.0951
280059,Premium Shoppers,Female,0,1,138,5,1,1,1,111,593.435365217,81894.0804
280061,Premium Shoppers,Female,0,1,42,11,1,1,1,111,956.937676190,40191.3824
280133,Premium Shoppers,Female,0,1,38,6,1,1,1,111,95.702631579,3636.7
280359,Premium Shoppers,Female,0,1,21,11,1,1,1,111,209.723809524,4404.2
280512,Premium Shoppers,Female,0,1,44,7,1,1,1,111,314.815909091,13851.9
280515,Premium Shoppers,Female,0,1,22,11,1,1,1,111,264.872727273,5827.2
280913,Premium Shoppers,Female,0,1,198,12,1,1,1,111,169.710883333,33602.7549
280918,Premium Shoppers,Female,0,1,102,18,1,1,1,111,261.300392157,26652.64
280937,Premium Shoppers,Female,0,1,21,6,1,1,1,111,168.458657143,3537.6318
282431,Premium Shoppers,Female,0,1,15,14,1,1,1,111,218.62736,3279.4104
282433,Premium Shoppers,Female,0,1,13,14,1,1,1,111,325.446153846,4230.8
282520,Premium Shoppers,Female,0,1,41,18,1,1,1,111,1204.759092683,49395.1228
282522,Premium Shoppers,Female,0,1,25,5,1,1,1,111,1248.301828,31207.5457
283027,Premium Shoppers,Female,0,1,12,6,1,1,1,111,445.046325,5340.5559
300537,Premium Shoppers,Female,0,1,13,19,1,1,1,111,213.146153846,2770.9
300594,Premium Shoppers,Female,0,1,77,0,1,1,1,111,96.364935065,7420.1
301472,Premium Shoppers,Female,0,1,34,0,1,1,1,111,100.555882353,3418.9
302178,Premium Shoppers,Female,0,1,60,0,1,1,1,111,239.79,14387.4
302446,Premium Shoppers,Female,0,1,110,0,1,1,1,111,121.092727273,13320.2
306314,Premium Shoppers,Female,0,1,12,6,1,1,1,111,12514.181666667,150170.18
309321,Premium Shoppers,Female,0,1,17,0,1,1,1,111,375.558823529,6384.5
311385,Premium Shoppers,Female,0,1,13,11,1,1,1,111,510,6630
316528,Premium Shoppers,Female,0,1,20,7,1,1,1,111,141.2195,2824.39
316747,Premium Shoppers,Female,0,1,31,4,1,1,1,111,157.319354839,4876.9
232037,Potential Lost,Male,0,1,12,70,1,1,3,311,392.691666667,4712.3
250169,Potential Lost,Male,0,1,67,119,1,1,3,311,987.692089552,66175.37
250255,Potential Lost,Male,0,1,150,113,1,1,3,311,1211.1224,181668.36
250260,Potential Lost,Male,0,1,43,118,1,1,3,311,794.197906977,34150.51
252286,Potential Lost,Male,0,1,21,125,1,1,3,311,577.420295238,12125.8262
252287,Potential Lost,Male,0,1,15,117,1,1,3,311,664.125593333,9961.8839
253153,Potential Lost,Male,0,1,16,118,1,1,3,311,2390.975925,38255.6148
253160,Potential Lost,Male,0,1,21,120,1,1,3,311,2706.813857143,56843.091
255505,Potential Lost,Male,0,1,16,98,1,1,3,311,356.33875,5701.42
255573,Potential Lost,Male,0,1,25,74,1,1,3,311,679.8576,16996.44
255581,Potential Lost,Male,0,1,25,63,1,1,3,311,270.778984,6769.4746
255585,Potential Lost,Male,0,1,11,76,1,1,3,311,254.927290909,2804.2002
262033,Potential Lost,Male,0,1,17,68,1,1,3,311,230.067641176,3911.1499
275001,Potential Lost,Male,0,1,34,111,1,1,3,311,314.356858824,10688.1332
869022,Potential Lost,Male,0,1,11,76,1,1,3,311,816.000590909,8976.0065
869366,Potential Lost,Male,0,1,12,99,1,1,3,311,321.1534,3853.8408
869385,Potential Lost,Male,0,1,14,110,1,1,3,311,224.802857143,3147.24
869396,Potential Lost,Male,0,1,11,91,1,1,3,311,336.762909091,3704.392
200002,Regular Shoppers,Male,0,3,2,94,4,1,3,334,53.75,107.5
200006,Regular Shoppers,Male,0,3,3,46,4,1,2,234,23.666666667,71
200015,Regular Shoppers,Male,0,2,4,3,3,1,1,123,34.35,137.4
200054,Regular Shoppers,Male,0,3,2,61,3,1,2,233,111,222
200065,Regular Shoppers,Male,0,4,1,47,4,1,2,244,9,9
200105,Regular Shoppers,Male,0,3,3,161,4,1,4,434,8.666666667,26
200140,Regular Shoppers,Male,0,2,5,3,3,1,1,123,37.92,189.6
200143,Regular Shoppers,Male,0,3,2,77,3,1,3,333,69.9,139.8
200145,Regular Shoppers,Male,0,3,2,245,3,1,4,433,107.7,215.4
200150,Regular Shoppers,Male,0,4,1,215,2,1,4,442,860,860
200259,Regular Shoppers,Male,0,3,3,62,3,1,3,333,56.333333333,169
200262,Regular Shoppers,Male,0,3,2,14,4,1,1,134,31,62
200285,Regular Shoppers,Male,0,2,7,3,4,1,1,124,14.914285714,104.4
200326,Regular Shoppers,Male,0,4,1,231,2,1,4,442,570,570
200332,Regular Shoppers,Male,0,2,5,17,4,1,1,124,18.8,94
200349,Regular Shoppers,Male,0,3,2,105,3,1,3,333,100,200
200357,Regular Shoppers,Male,0,4,1,47,3,1,2,243,120,120
200360,Regular Shoppers,Male,0,4,1,77,2,1,3,342,761.6,761.6
200513,Regular Shoppers,Male,0,3,3,77,4,1,3,334,30.333333333,91
200514,Regular Shoppers,Male,0,3,2,92,4,1,3,334,52.95,105.9
200659,Regular Shoppers,Male,0,4,1,279,3,1,4,443,465,465
200682,Regular Shoppers,Male,0,2,5,31,2,1,2,222,312.86,1564.3
200683,Regular Shoppers,Male,0,4,1,231,3,1,4,443,386,386
200807,Regular Shoppers,Male,0,3,2,171,4,1,4,434,6,12
200820,Regular Shoppers,Male,0,4,1,258,3,1,4,443,403.2,403.2
200951,Regular Shoppers,Male,0,2,5,31,2,1,2,222,136.8,684
200952,Regular Shoppers,Male,0,2,9,18,2,1,1,122,114.044444444,1026.4
200958,Regular Shoppers,Male,0,2,6,18,3,1,1,123,46.583333333,279.5
200966,Regular Shoppers,Male,0,2,5,31,2,1,2,222,128,640
200975,Regular Shoppers,Male,0,4,1,47,4,1,2,244,60,60
200981,Regular Shoppers,Male,0,3,3,51,3,1,2,233,87.6,262.8
201103,Regular Shoppers,Male,0,3,3,47,2,1,2,232,555,1665
201107,Regular Shoppers,Male,0,2,4,32,3,1,2,223,35.5,142
201116,Regular Shoppers,Male,0,4,1,62,4,1,3,344,8.5,8.5
201132,Regular Shoppers,Male,0,2,8,31,3,1,2,223,53.775,430.2
201137,Regular Shoppers,Male,0,2,8,47,2,1,2,222,86.925,695.4
201155,Regular Shoppers,Male,0,3,3,94,2,1,3,332,225,675
201156,Regular Shoppers,Male,0,3,2,47,4,1,2,234,44,88
201171,Regular Shoppers,Male,0,4,1,18,3,1,1,143,480,480
201176,Regular Shoppers,Male,0,2,4,138,3,1,3,323,118.75,475
201182,Regular Shoppers,Male,0,4,1,77,4,1,3,344,9.4,9.4
201512,Regular Shoppers,Male,0,2,7,31,3,1,2,223,28.3,198.1
201518,Regular Shoppers,Male,0,4,1,123,3,1,3,343,434.8,434.8
201604,Regular Shoppers,Male,0,3,2,47,4,1,2,234,11.8,23.6
201636,Regular Shoppers,Male,0,4,1,16,4,1,1,144,24,24
201645,Regular Shoppers,Male,0,3,2,47,2,1,2,232,448,896
201656,Regular Shoppers,Male,0,3,2,138,3,1,3,333,132.9,265.8
201921,Regular Shoppers,Male,0,3,2,153,4,1,4,434,35.75,71.5
201962,Regular Shoppers,Male,0,4,1,109,4,1,3,344,8,8
202214,Regular Shoppers,Male,0,2,6,46,2,1,2,222,141.433333333,848.6
202226,Regular Shoppers,Male,0,2,5,46,2,1,2,222,131.82,659.1
202232,Regular Shoppers,Male,0,2,6,3,3,1,1,123,55.166666667,331
202507,Regular Shoppers,Male,0,4,1,258,3,1,4,443,165,165
202510,Regular Shoppers,Male,0,2,4,81,3,1,3,323,28.45,113.8
202654,Regular Shoppers,Male,0,4,1,47,4,1,2,244,30,30
202657,Regular Shoppers,Male,0,3,2,184,4,1,4,434,39.6,79.2
202665,Regular Shoppers,Male,0,3,2,47,4,1,2,234,28,56
202675,Regular Shoppers,Male,0,3,2,12,4,1,1,134,19.7,39.4
202677,Regular Shoppers,Male,0,2,8,31,3,1,2,223,40.4625,323.7
202680,Regular Shoppers,Male,0,3,2,153,3,1,4,433,64,128
202683,Regular Shoppers,Male,0,2,4,31,4,1,2,224,21.75,87
202871,Regular Shoppers,Male,0,4,1,31,3,1,2,243,230,230
202954,Regular Shoppers,Male,0,3,2,147,4,1,4,434,9.65,19.3
202959,Regular Shoppers,Male,0,4,1,94,3,1,3,343,180,180
202960,Regular Shoppers,Male,0,3,3,47,3,1,2,233,43,129
202989,Regular Shoppers,Male,0,4,1,3,4,1,1,144,36,36
203010,Regular Shoppers,Male,0,3,2,3,4,1,1,134,21,42
203021,Regular Shoppers,Male,0,2,6,51,2,1,2,222,176.35,1058.1
203040,Regular Shoppers,Male,0,4,1,47,4,1,2,244,24,24
203059,Regular Shoppers,Male,0,2,8,69,2,1,3,322,114.625,917
203061,Regular Shoppers,Male,0,3,2,153,3,1,4,433,76,152
203067,Regular Shoppers,Male,0,4,1,185,3,1,4,443,370,370
203075,Regular Shoppers,Male,0,4,1,31,4,1,2,244,5.3,5.3
203091,Regular Shoppers,Male,0,3,3,77,2,1,3,332,279,837
203105,Regular Shoppers,Male,0,2,7,194,3,1,4,423,19.514285714,136.6
203111,Regular Shoppers,Male,0,2,6,3,2,1,1,122,105.333333333,632
203310,Regular Shoppers,Male,0,4,1,138,4,1,3,344,87.6,87.6
203312,Regular Shoppers,Male,0,3,2,138,4,1,3,334,35.5,71
203324,Regular Shoppers,Male,0,4,1,47,4,1,2,244,30,30
203326,Regular Shoppers,Male,0,3,3,61,4,1,2,234,35.5,106.5
203335,Regular Shoppers,Male,0,2,8,61,3,1,2,223,40.125,321
203341,Regular Shoppers,Male,0,4,1,258,3,1,4,443,468,468
203351,Regular Shoppers,Male,0,2,4,3,3,1,1,123,120.875,483.5
203371,Regular Shoppers,Male,0,2,5,31,3,1,2,223,85.12,425.6
203373,Regular Shoppers,Male,0,2,4,77,3,1,3,323,77,308
203374,Regular Shoppers,Male,0,3,2,123,4,1,3,334,3,6
203386,Regular Shoppers,Male,0,4,1,109,4,1,3,344,75,75
203388,Regular Shoppers,Male,0,2,5,41,3,1,2,223,47.84,239.2
262197,Regular Shoppers,Male,0,3,2,231,2,1,4,432,350,700
262223,Regular Shoppers,Male,0,3,2,41,4,1,2,234,50.3,100.6
262224,Regular Shoppers,Male,0,2,6,5,2,1,1,122,116.833333333,701
262228,Regular Shoppers,Male,0,2,4,42,4,1,2,224,25.55,102.2
262306,Regular Shoppers,Male,0,3,2,70,2,1,3,332,275,550
262375,Regular Shoppers,Male,0,4,1,20,4,1,1,144,19.6,19.6
262378,Regular Shoppers,Male,0,3,2,36,4,1,2,234,49.9,99.8
262380,Regular Shoppers,Male,0,2,9,42,2,1,2,222,65.588888889,590.3
262383,Regular Shoppers,Male,0,4,1,56,2,1,2,242,1000,1000
262407,Regular Shoppers,Male,0,4,1,61,3,1,2,243,254,254
262412,Regular Shoppers,Male,0,2,4,22,3,1,2,223,68.25,273
262416,Regular Shoppers,Male,0,4,1,181,2,1,4,442,1560,1560
262418,Regular Shoppers,Male,0,2,10,15,3,1,1,123,21.3,213
262450,Regular Shoppers,Male,0,3,2,104,4,1,3,334,54,108
262455,Regular Shoppers,Male,0,4,1,130,4,1,3,344,46,46
262464,Regular Shoppers,Male,0,2,6,3,2,1,1,122,122.45,734.7
262470,Regular Shoppers,Male,0,4,1,88,2,1,3,342,680,680
262474,Regular Shoppers,Male,0,2,4,0,3,1,1,123,75.8,303.2
262482,Regular Shoppers,Male,0,3,3,194,3,1,4,433,55.666666667,167
262483,Regular Shoppers,Male,0,2,10,69,2,1,3,322,94.45,944.5
262490,Regular Shoppers,Male,0,4,1,126,3,1,3,343,406,406
262495,Regular Shoppers,Male,0,3,2,41,3,1,2,233,120,240
262501,Regular Shoppers,Male,0,4,1,6,4,1,1,144,67,67
262507,Regular Shoppers,Male,0,4,1,94,4,1,3,344,55,55
262514,Regular Shoppers,Male,0,2,6,0,3,1,1,123,33.216666667,199.3
262518,Regular Shoppers,Male,0,4,1,136,2,1,3,342,560,560
262520,Regular Shoppers,Male,0,2,5,76,2,1,3,322,152,760
267002,Regular Shoppers,Male,0,4,1,99,2,1,3,342,582.48,582.48
268011,Regular Shoppers,Male,0,2,5,95,2,1,3,322,187.3,936.5
270007,Regular Shoppers,Male,0,3,3,144,3,1,4,433,50.5192,151.5576
270017,Regular Shoppers,Male,0,3,3,39,2,1,2,232,412.79,1238.37
270018,Regular Shoppers,Male,0,4,1,119,4,1,3,344,15,15
270034,Regular Shoppers,Male,0,3,2,50,2,1,2,232,866.3554,1732.7108
280011,Regular Shoppers,Male,0,4,1,98,3,1,3,343,274.86,274.86
280012,Regular Shoppers,Male,0,3,2,41,3,1,2,233,114.25,228.5
280013,Regular Shoppers,Male,0,2,6,7,2,1,1,122,132.166666667,793
280018,Regular Shoppers,Male,0,3,3,61,2,1,2,232,245.6,736.8
280072,Regular Shoppers,Male,0,4,1,190,2,1,4,442,1029.864,1029.864
280214,Regular Shoppers,Male,0,3,3,47,3,1,2,233,50.666666667,152
280225,Regular Shoppers,Male,0,3,3,105,4,1,3,334,28,84
280233,Regular Shoppers,Male,0,2,6,155,2,1,4,422,176.25,1057.5
280240,Regular Shoppers,Male,0,4,1,19,4,1,1,144,97,97
280324,Regular Shoppers,Male,0,3,2,7,3,1,1,133,169.1,338.2
280443,Regular Shoppers,Male,0,3,3,158,3,1,4,433,136.5,409.5
280513,Regular Shoppers,Male,0,2,7,27,2,1,2,222,115.5,808.5
280520,Regular Shoppers,Male,0,2,7,158,3,1,4,423,45.122857143,315.86
280521,Regular Shoppers,Male,0,2,5,53,2,1,2,222,119.58,597.9
280540,Regular Shoppers,Male,0,2,8,5,2,1,1,122,83.75,670
280542,Regular Shoppers,Male,0,3,2,278,4,1,4,434,26,52
280549,Regular Shoppers,Male,0,3,2,62,4,1,3,334,30,60
280553,Regular Shoppers,Male,0,3,3,59,4,1,2,234,6.5,19.5
280567,Regular Shoppers,Male,0,4,1,46,4,1,2,244,36,36
280569,Regular Shoppers,Male,0,2,8,47,2,1,2,222,282.675,2261.4
280573,Regular Shoppers,Male,0,4,1,18,3,1,1,143,130,130
280596,Regular Shoppers,Male,0,3,3,164,3,1,4,433,62.166666667,186.5
280773,Regular Shoppers,Male,0,4,1,21,4,1,2,244,53.85,53.85
280911,Regular Shoppers,Male,0,4,1,50,3,1,2,243,525,525
280930,Regular Shoppers,Male,0,4,1,201,3,1,4,443,135,135
280931,Regular Shoppers,Male,0,2,9,26,2,1,2,222,89.555555556,806
280933,Regular Shoppers,Male,0,2,4,88,3,1,3,323,98.25,393
280934,Regular Shoppers,Male,0,2,5,76,2,1,3,322,546.2,2731
280935,Regular Shoppers,Male,0,4,1,88,3,1,3,343,200,200
280936,Regular Shoppers,Male,0,2,4,125,2,1,3,322,261.25,1045
280938,Regular Shoppers,Male,0,2,5,4,2,1,1,122,388.46964,1942.3482
280960,Regular Shoppers,Male,0,3,2,253,2,1,4,432,419.9985,839.997
282432,Regular Shoppers,Male,0,4,1,7,4,1,1,144,43,43
282440,Regular Shoppers,Male,0,3,2,188,2,1,4,432,999.0774,1998.1548
282452,Regular Shoppers,Male,0,3,2,61,3,1,2,233,92.9618,185.9236
282500,Regular Shoppers,Male,0,4,1,130,4,1,3,344,46.5024,46.5024
282524,Regular Shoppers,Male,0,4,1,197,3,1,4,443,122.513,122.513
283022,Regular Shoppers,Male,0,2,6,48,3,1,2,223,24.079116667,144.4747
283024,Regular Shoppers,Male,0,2,5,90,2,1,3,322,156.80662,784.0331
283026,Regular Shoppers,Male,0,2,4,89,2,1,3,322,167.8975,671.59
283028,Regular Shoppers,Male,0,2,8,130,2,1,3,322,325.21025,2601.682
289023,Regular Shoppers,Male,0,2,5,7,2,1,1,122,348.9,1744.5
289030,Regular Shoppers,Male,0,2,6,85,2,1,3,322,328.533333333,1971.2
289031,Regular Shoppers,Male,0,2,9,180,2,1,4,422,138.122222222,1243.1
289033,Regular Shoppers,Male,0,3,2,41,4,1,2,234,14.4,28.8
289035,Regular Shoppers,Male,0,2,5,151,2,1,4,422,382.46628,1912.3314
300017,Regular Shoppers,Male,0,2,6,0,3,1,1,123,19.266666667,115.6
300018,Regular Shoppers,Male,0,2,8,20,3,1,1,123,36.4125,291.3
300276,Regular Shoppers,Male,0,3,3,47,4,1,2,234,27.933333333,83.8
300298,Regular Shoppers,Male,0,2,5,61,3,1,2,223,54,270
300328,Regular Shoppers,Male,0,3,2,123,4,1,3,334,11,22
300347,Regular Shoppers,Male,0,4,1,252,2,1,4,442,788.4,788.4
300524,Regular Shoppers,Male,0,3,3,94,3,1,3,333,70.933333333,212.8
300534,Regular Shoppers,Male,0,4,1,289,3,1,4,443,117,117
300646,Regular Shoppers,Male,0,4,1,29,4,1,2,244,5.6,5.6
300670,Regular Shoppers,Male,0,2,6,92,2,1,3,322,121.75,730.5
300685,Regular Shoppers,Male,0,2,4,102,2,1,3,322,217.95,871.8
300705,Regular Shoppers,Male,0,4,1,260,2,1,4,442,852,852
300715,Regular Shoppers,Male,0,4,1,34,4,1,2,244,90,90
300905,Regular Shoppers,Male,0,4,1,64,3,1,3,343,168,168
301046,Regular Shoppers,Male,0,3,2,236,4,1,4,434,14.4,28.8
301104,Regular Shoppers,Male,0,3,2,171,3,1,4,433,135,270
301116,Regular Shoppers,Male,0,4,1,134,3,1,3,343,340.8,340.8
301232,Regular Shoppers,Male,0,2,5,75,2,1,3,322,110.4,552
301284,Regular Shoppers,Male,0,4,1,279,3,1,4,443,244,244
301322,Regular Shoppers,Male,0,4,1,285,3,1,4,443,109.8,109.8
301330,Regular Shoppers,Male,0,4,1,102,4,1,3,344,64,64
301356,Regular Shoppers,Male,0,4,1,253,2,1,4,442,2093,2093
301421,Regular Shoppers,Male,0,4,1,264,3,1,4,443,340,340
301486,Regular Shoppers,Male,0,3,3,50,2,1,2,232,230.333333333,691
301608,Regular Shoppers,Male,0,2,6,47,2,1,2,222,258.0395,1548.237
301632,Regular Shoppers,Male,0,4,1,1,3,1,1,143,243.2,243.2
301821,Regular Shoppers,Male,0,4,1,62,3,1,3,343,330,330
301886,Regular Shoppers,Male,0,2,6,123,2,1,3,322,232.666666667,1396
301888,Regular Shoppers,Male,0,4,1,134,4,1,3,344,45,45
301900,Regular Shoppers,Male,0,2,8,34,2,1,2,222,100.075,800.6
302021,Regular Shoppers,Male,0,4,1,62,4,1,3,344,6,6
302037,Regular Shoppers,Male,0,3,2,49,3,1,2,233,141,282
302071,Regular Shoppers,Male,0,3,3,120,3,1,3,333,112,336
302137,Regular Shoppers,Male,0,4,1,53,4,1,2,244,60,60
302216,Regular Shoppers,Male,0,2,4,85,2,1,3,322,203.85,815.4
302219,Regular Shoppers,Male,0,2,10,74,2,1,3,322,119.6106,1196.106
302220,Regular Shoppers,Male,0,2,6,48,2,1,2,222,322.500666667,1935.004
302222,Regular Shoppers,Male,0,3,2,123,2,1,3,332,1190.7,2381.4
302240,Regular Shoppers,Male,0,4,1,171,3,1,4,443,120,120
302244,Regular Shoppers,Male,0,4,1,245,3,1,4,443,300,300
302288,Regular Shoppers,Male,0,4,1,4,3,1,1,143,206,206
302468,Regular Shoppers,Male,0,2,6,3,3,1,1,123,76.233333333,457.4
302476,Regular Shoppers,Male,0,3,2,141,3,1,4,433,69.8,139.6
302535,Regular Shoppers,Male,0,4,1,61,4,1,2,244,3,3
302547,Regular Shoppers,Male,0,2,8,21,2,1,2,222,74.075,592.6
302703,Regular Shoppers,Male,0,3,2,81,3,1,3,333,163.15,326.3
302840,Regular Shoppers,Male,0,4,1,111,4,1,3,344,11.6,11.6
302903,Regular Shoppers,Male,0,4,1,123,4,1,3,344,65,65
303029,Regular Shoppers,Male,0,3,3,47,4,1,2,234,20.733333333,62.2
303470,Regular Shoppers,Male,0,3,2,22,3,1,2,233,63.5,127
303500,Regular Shoppers,Male,0,3,3,94,3,1,3,333,62.833333333,188.5
303573,Regular Shoppers,Male,0,3,3,41,4,1,2,234,10.8,32.4
303574,Regular Shoppers,Male,0,2,8,14,2,1,1,122,131.6625,1053.3
303602,Regular Shoppers,Male,0,3,2,179,3,1,4,433,55.2,110.4
303626,Regular Shoppers,Male,0,4,1,94,3,1,3,343,414,414
303854,Regular Shoppers,Male,0,2,6,4,2,1,1,122,192,1152
303875,Regular Shoppers,Male,0,2,5,20,3,1,1,123,64.5,322.5
303899,Regular Shoppers,Male,0,4,1,12,4,1,1,144,21.6,21.6
303947,Regular Shoppers,Male,0,4,1,15,4,1,1,144,93,93
303979,Regular Shoppers,Male,0,3,3,71,4,1,3,334,32.4,97.2
304057,Regular Shoppers,Male,0,3,3,153,4,1,4,434,31.366666667,94.1
305214,Regular Shoppers,Male,0,4,1,246,3,1,4,443,190,190
305511,Regular Shoppers,Male,0,4,1,120,4,1,3,344,11.2,11.2
305557,Regular Shoppers,Male,0,3,2,55,3,1,2,233,90,180
305616,Regular Shoppers,Male,0,2,9,45,2,1,2,222,148.655555556,1337.9
306145,Regular Shoppers,Male,0,3,2,31,2,1,2,232,313.8,627.6
306428,Regular Shoppers,Male,0,4,1,62,3,1,3,343,172.8,172.8
306429,Regular Shoppers,Male,0,4,1,120,4,1,3,344,62,62
306538,Regular Shoppers,Male,0,3,2,193,3,1,4,433,171.2,342.4
306918,Regular Shoppers,Male,0,4,1,188,3,1,4,443,224,224
306919,Regular Shoppers,Male,0,2,9,49,3,1,2,223,21.566666667,194.1
306951,Regular Shoppers,Male,0,3,2,141,3,1,4,433,154.35,308.7
307002,Regular Shoppers,Male,0,4,1,92,4,1,3,344,31.8,31.8
307008,Regular Shoppers,Male,0,2,4,41,2,1,2,222,235.5,942
307015,Regular Shoppers,Male,0,3,2,123,4,1,3,334,36,72
307023,Regular Shoppers,Male,0,3,3,116,3,1,3,333,126.666666667,380
307103,Regular Shoppers,Male,0,3,2,220,4,1,4,434,10.5,21
307137,Regular Shoppers,Male,0,4,1,31,4,1,2,244,60,60
307191,Regular Shoppers,Male,0,2,5,8,3,1,1,123,48.4,242
307242,Regular Shoppers,Male,0,4,1,153,2,1,4,442,2100,2100
307360,Regular Shoppers,Male,0,4,1,47,3,1,2,243,140,140
307361,Regular Shoppers,Male,0,3,2,166,4,1,4,434,13,26
307389,Regular Shoppers,Male,0,4,1,36,4,1,2,244,22.3,22.3
307471,Regular Shoppers,Male,0,2,4,62,3,1,3,323,57.05,228.2
307519,Regular Shoppers,Male,0,3,3,259,3,1,4,433,100.933333333,302.8
307919,Regular Shoppers,Male,0,3,2,231,4,1,4,434,39,78
307937,Regular Shoppers,Male,0,3,2,31,3,1,2,233,175,350
308122,Regular Shoppers,Male,0,3,3,104,4,1,3,334,15.233333333,45.7
308691,Regular Shoppers,Male,0,3,3,95,3,1,3,333,59.6,178.8
308762,Regular Shoppers,Male,0,3,3,11,4,1,1,134,32,96
308880,Regular Shoppers,Male,0,3,2,231,3,1,4,433,126,252
308905,Regular Shoppers,Male,0,3,3,190,2,1,4,432,287.452,862.356
309033,Regular Shoppers,Male,0,2,9,69,2,1,3,322,221.333333333,1992
309214,Regular Shoppers,Male,0,4,1,92,4,1,3,344,40,40
309342,Regular Shoppers,Male,0,4,1,35,4,1,2,244,34,34
309392,Regular Shoppers,Male,0,4,1,21,4,1,2,244,5,5
309660,Regular Shoppers,Male,0,2,5,47,3,1,2,223,66.5,332.5
309762,Regular Shoppers,Male,0,3,3,125,4,1,3,334,30.133333333,90.4
310281,Regular Shoppers,Male,0,2,6,62,2,1,3,322,275.2,1651.2
310590,Regular Shoppers,Male,0,2,4,92,2,1,3,322,258.375,1033.5
310719,Regular Shoppers,Male,0,4,1,231,2,1,4,442,925,925
310720,Regular Shoppers,Male,0,3,2,14,3,1,1,133,235,470
310783,Regular Shoppers,Male,0,3,2,168,4,1,4,434,45,90
311082,Regular Shoppers,Male,0,4,1,218,2,1,4,442,1268.52,1268.52
311278,Regular Shoppers,Male,0,3,2,145,3,1,4,433,105.55,211.1
311377,Regular Shoppers,Male,0,4,1,140,3,1,3,343,220.4,220.4
311524,Regular Shoppers,Male,0,2,7,46,3,1,2,223,23.8,166.6
311572,Regular Shoppers,Male,0,2,10,11,2,1,1,122,57.94,579.4
311699,Regular Shoppers,Male,0,4,1,72,4,1,3,344,51,51
311704,Regular Shoppers,Male,0,3,3,32,4,1,2,234,10.333333333,31
311705,Regular Shoppers,Male,0,4,1,39,4,1,2,244,26.7,26.7
311745,Regular Shoppers,Male,0,3,3,132,2,1,3,332,822.333333333,2467
311791,Regular Shoppers,Male,0,3,3,67,2,1,3,332,345.4,1036.2
311861,Regular Shoppers,Male,0,2,8,4,2,1,1,122,94.3625,754.9
311954,Regular Shoppers,Male,0,4,1,273,2,1,4,442,702.4,702.4
311989,Regular Shoppers,Male,0,4,1,138,4,1,3,344,6,6
312114,Regular Shoppers,Male,0,2,4,6,2,1,1,122,307.6,1230.4
312175,Regular Shoppers,Male,0,2,5,61,3,1,2,223,24,120
312216,Regular Shoppers,Male,0,4,1,166,3,1,4,443,148,148
312270,Regular Shoppers,Male,0,2,4,119,2,1,3,322,315.95,1263.8
312348,Regular Shoppers,Male,0,4,1,84,4,1,3,344,108,108
312438,Regular Shoppers,Male,0,3,2,21,4,1,2,234,27.95,55.9
312468,Regular Shoppers,Male,0,2,6,4,3,1,1,123,66.616666667,399.7
312551,Regular Shoppers,Male,0,2,4,92,2,1,3,322,157.275,629.1
312792,Regular Shoppers,Male,0,3,3,4,2,1,1,132,199.5,598.5
313095,Regular Shoppers,Male,0,3,2,14,3,1,1,133,109.05,218.1
313188,Regular Shoppers,Male,0,4,1,85,3,1,3,343,236,236
313395,Regular Shoppers,Male,0,4,1,85,4,1,3,344,22.6,22.6
313647,Regular Shoppers,Male,0,3,2,68,2,1,3,332,650,1300
313806,Regular Shoppers,Male,0,3,2,166,2,1,4,432,573.2,1146.4
313901,Regular Shoppers,Male,0,4,1,21,2,1,2,242,868,868
314014,Regular Shoppers,Male,0,4,1,55,4,1,2,244,44.4,44.4
314436,Regular Shoppers,Male,0,3,2,214,3,1,4,433,168,336
314461,Regular Shoppers,Male,0,4,1,81,4,1,3,344,80,80
314512,Regular Shoppers,Male,0,4,1,232,3,1,4,443,414,414
314627,Regular Shoppers,Male,0,4,1,131,4,1,3,344,17,17
314753,Regular Shoppers,Male,0,4,1,260,3,1,4,443,139.5,139.5
314786,Regular Shoppers,Male,0,2,5,18,3,1,1,123,40.5,202.5
315069,Regular Shoppers,Male,0,2,4,31,3,1,2,223,43.525,174.1
315114,Regular Shoppers,Male,0,3,2,141,4,1,4,434,7.8,15.6
315537,Regular Shoppers,Male,0,3,2,10,4,1,1,134,44.1,88.2
316711,Regular Shoppers,Male,0,4,1,199,2,1,4,442,600,600
317028,Regular Shoppers,Male,0,4,1,215,2,1,4,442,668.4,668.4
317134,Regular Shoppers,Male,0,4,1,40,4,1,2,244,6,6
317231,Regular Shoppers,Male,0,4,1,40,4,1,2,244,99,99
317342,Regular Shoppers,Male,0,4,1,84,3,1,3,343,338,338
317534,Regular Shoppers,Male,0,3,3,47,4,1,2,234,17,51
317650,Regular Shoppers,Male,0,3,2,43,4,1,2,234,31.5,63
317871,Regular Shoppers,Male,0,4,1,8,4,1,1,144,32.7,32.7
318273,Regular Shoppers,Male,0,4,1,108,3,1,3,343,112,112
318468,Regular Shoppers,Male,0,3,2,3,4,1,1,134,7.5,15
318712,Regular Shoppers,Male,0,2,9,126,2,1,3,322,157.377777778,1416.4
318765,Regular Shoppers,Male,0,4,1,69,4,1,3,344,52,52
319317,Regular Shoppers,Male,0,3,2,199,3,1,4,433,67.3,134.6
319498,Regular Shoppers,Male,0,2,4,82,3,1,3,323,63,252
319728,Regular Shoppers,Male,0,2,4,12,3,1,1,123,78.1,312.4
319731,Regular Shoppers,Male,0,3,2,236,3,1,4,433,137,274
319747,Regular Shoppers,Male,0,2,10,47,3,1,2,223,30.19,301.9
319781,Regular Shoppers,Male,0,2,5,49,4,1,2,224,12.36,61.8
319953,Regular Shoppers,Male,0,2,10,42,2,1,2,222,93.76,937.6
320001,Regular Shoppers,Male,0,4,1,84,2,1,3,342,698,698
320023,Regular Shoppers,Male,0,3,2,266,2,1,4,432,630.9,1261.8
320341,Regular Shoppers,Male,0,3,2,96,2,1,3,332,372.6,745.2
320405,Regular Shoppers,Male,0,4,1,166,2,1,4,442,2471.4,2471.4
320438,Regular Shoppers,Male,0,4,1,53,4,1,2,244,56,56
320546,Regular Shoppers,Male,0,2,5,99,4,1,3,324,19.72,98.6
320642,Regular Shoppers,Male,0,3,3,138,3,1,3,333,48.8,146.4
320701,Regular Shoppers,Male,0,3,2,62,4,1,3,334,19.75,39.5
320795,Regular Shoppers,Male,0,3,2,109,3,1,3,333,242.2,484.4
320854,Regular Shoppers,Male,0,4,1,168,3,1,4,443,166,166
320939,Regular Shoppers,Male,0,3,2,35,2,1,2,232,543.75,1087.5
320940,Regular Shoppers,Male,0,2,4,188,3,1,4,423,31.65,126.6
320989,Regular Shoppers,Male,0,3,2,77,3,1,3,333,170.35,340.7
321038,Regular Shoppers,Male,0,3,2,31,3,1,2,233,95.15,190.3
321050,Regular Shoppers,Male,0,4,1,48,3,1,2,243,466.6,466.6
321062,Regular Shoppers,Male,0,3,2,259,2,1,4,432,597,1194
321113,Regular Shoppers,Male,0,3,2,4,2,1,1,132,417.55,835.1
321151,Regular Shoppers,Male,0,4,1,151,2,1,4,442,647,647
321241,Regular Shoppers,Male,0,3,2,31,3,1,2,233,69.8,139.6
321739,Regular Shoppers,Male,0,2,5,31,3,1,2,223,63.08,315.4
321909,Regular Shoppers,Male,0,4,1,138,3,1,3,343,200,200
321935,Regular Shoppers,Male,0,4,1,90,4,1,3,344,61.2,61.2
321936,Regular Shoppers,Male,0,2,5,0,3,1,1,123,36.72,183.6
321945,Regular Shoppers,Male,0,3,2,179,4,1,4,434,34,68
321966,Regular Shoppers,Male,0,4,1,123,3,1,3,343,240,240
322393,Regular Shoppers,Male,0,3,3,193,3,1,4,433,67.866666667,203.6
322480,Regular Shoppers,Male,0,4,1,171,2,1,4,442,590,590
322512,Regular Shoppers,Male,0,3,3,179,2,1,4,432,295.333333333,886
322868,Regular Shoppers,Male,0,4,1,69,3,1,3,343,176,176
322909,Regular Shoppers,Male,0,4,1,109,3,1,3,343,126,126
322989,Regular Shoppers,Male,0,3,3,179,3,1,4,433,53.666666667,161
322990,Regular Shoppers,Male,0,3,3,84,4,1,3,334,35.266666667,105.8
323439,Regular Shoppers,Male,0,2,4,105,3,1,3,323,114.5,458
323508,Regular Shoppers,Male,0,2,4,153,4,1,4,424,10.85,43.4
323510,Regular Shoppers,Male,0,4,1,62,4,1,3,344,29.5,29.5
323511,Regular Shoppers,Male,0,3,2,35,4,1,2,234,25.6,51.2
323526,Regular Shoppers,Male,0,4,1,238,3,1,4,443,315.2,315.2
323536,Regular Shoppers,Male,0,4,1,232,2,1,4,442,1530,1530
323844,Regular Shoppers,Male,0,4,1,21,2,1,2,242,620,620
323956,Regular Shoppers,Male,0,3,3,17,4,1,1,134,7.933333333,23.8
324020,Regular Shoppers,Male,0,4,1,106,4,1,3,344,10,10
324085,Regular Shoppers,Male,0,3,3,195,2,1,4,432,442.666666667,1328
324167,Regular Shoppers,Male,0,2,4,271,4,1,4,424,26.225,104.9
324249,Regular Shoppers,Male,0,2,10,166,2,1,4,422,151.83,1518.3
324316,Regular Shoppers,Male,0,3,2,294,4,1,4,434,44.5,89
324421,Regular Shoppers,Male,0,2,4,10,3,1,1,123,70.75,283
324491,Regular Shoppers,Male,0,2,7,0,3,1,1,123,56.042857143,392.3
324531,Regular Shoppers,Male,0,3,3,145,4,1,4,434,13.8,41.4
324903,Regular Shoppers,Male,0,4,1,111,4,1,3,344,6,6
325176,Regular Shoppers,Male,0,3,2,179,3,1,4,433,166,332
325197,Regular Shoppers,Male,0,2,6,67,3,1,3,323,63.25,379.5
325239,Regular Shoppers,Male,0,2,9,175,2,1,4,422,112.677777778,1014.1
325253,Regular Shoppers,Male,0,2,10,14,3,1,1,123,32.6,326
325264,Regular Shoppers,Male,0,4,1,39,4,1,2,244,16,16
325568,Regular Shoppers,Male,0,2,6,17,3,1,1,123,22.666666667,136
325786,Regular Shoppers,Male,0,2,4,77,3,1,3,323,66,264
325858,Regular Shoppers,Male,0,3,3,194,3,1,4,433,62.8,188.4
326041,Regular Shoppers,Male,0,3,3,50,3,1,2,233,74.066666667,222.2
326180,Regular Shoppers,Male,0,2,5,21,2,1,2,222,303.5,1517.5
326751,Regular Shoppers,Male,0,3,3,123,2,1,3,332,240.5,721.5
326772,Regular Shoppers,Male,0,3,3,26,3,1,2,233,74.466666667,223.4
326838,Regular Shoppers,Male,0,2,5,123,2,1,3,322,124.4,622
326905,Regular Shoppers,Male,0,3,2,154,2,1,4,432,460.8,921.6
326990,Regular Shoppers,Male,0,4,1,215,3,1,4,443,220,220
327003,Regular Shoppers,Male,0,3,2,145,3,1,4,433,137.5,275
327069,Regular Shoppers,Male,0,3,2,72,3,1,3,333,69,138
327132,Regular Shoppers,Male,0,3,3,168,3,1,4,433,81.8,245.4
327139,Regular Shoppers,Male,0,4,1,82,4,1,3,344,70,70
327275,Regular Shoppers,Male,0,2,4,258,3,1,4,423,85.1,340.4
327280,Regular Shoppers,Male,0,2,4,14,2,1,1,122,247.25,989
327314,Regular Shoppers,Male,0,2,4,77,3,1,3,323,34.25,137
327337,Regular Shoppers,Male,0,3,3,0,3,1,1,133,43.2,129.6
327764,Regular Shoppers,Male,0,2,5,14,2,1,1,122,112.64,563.2
327778,Regular Shoppers,Male,0,4,1,264,3,1,4,443,460.8,460.8
327779,Regular Shoppers,Male,0,3,2,134,4,1,3,334,38,76
327899,Regular Shoppers,Male,0,4,1,3,4,1,1,144,21,21
328087,Regular Shoppers,Male,0,3,2,123,3,1,3,333,86.65,173.3
328095,Regular Shoppers,Male,0,4,1,34,4,1,2,244,21,21
328112,Regular Shoppers,Male,0,2,4,84,4,1,3,324,22.1,88.4
328125,Regular Shoppers,Male,0,3,2,67,4,1,3,334,35.35,70.7
328237,Regular Shoppers,Male,0,3,2,92,3,1,3,333,111.75,223.5
328239,Regular Shoppers,Male,0,4,1,186,3,1,4,443,188,188
328267,Regular Shoppers,Male,0,2,6,21,2,1,2,222,390.666666667,2344
328441,Regular Shoppers,Male,0,4,1,161,2,1,4,442,920,920
328555,Regular Shoppers,Male,0,4,1,7,2,1,1,142,1400,1400
328584,Regular Shoppers,Male,0,3,2,125,3,1,3,333,94.1,188.2
328656,Regular Shoppers,Male,0,3,2,165,2,1,4,432,332.5,665
328684,Regular Shoppers,Male,0,4,1,71,3,1,3,343,120,120
328862,Regular Shoppers,Male,0,3,2,230,2,1,4,432,647.5,1295
328871,Regular Shoppers,Male,0,4,1,138,4,1,3,344,4,4
329280,Regular Shoppers,Male,0,3,3,95,3,1,3,333,97.8,293.4
329357,Regular Shoppers,Male,0,2,10,62,2,1,3,322,56.08,560.8
329561,Regular Shoppers,Male,0,3,2,125,4,1,3,334,31.5,63
329788,Regular Shoppers,Male,0,3,2,231,4,1,4,434,36,72
329916,Regular Shoppers,Male,0,2,4,141,2,1,4,422,245.6,982.4
329964,Regular Shoppers,Male,0,4,1,63,2,1,3,342,707.36,707.36
329989,Regular Shoppers,Male,0,4,1,111,4,1,3,344,64,64
330232,Regular Shoppers,Male,0,3,3,31,3,1,2,233,122.866666667,368.6
330371,Regular Shoppers,Male,0,4,1,77,3,1,3,343,205,205
330415,Regular Shoppers,Male,0,4,1,42,4,1,2,244,23.4,23.4
330448,Regular Shoppers,Male,0,4,1,109,4,1,3,344,13,13
330562,Regular Shoppers,Male,0,4,1,102,4,1,3,344,100,100
330572,Regular Shoppers,Male,0,3,2,63,3,1,3,333,76,152
330726,Regular Shoppers,Male,0,4,1,61,4,1,2,244,49,49
330758,Regular Shoppers,Male,0,3,2,14,3,1,1,133,191.8,383.6
330815,Regular Shoppers,Male,0,4,1,123,2,1,3,342,592,592
330826,Regular Shoppers,Male,0,4,1,46,3,1,2,243,151.8,151.8
330999,Regular Shoppers,Male,0,2,8,8,3,1,1,123,45,360
331004,Regular Shoppers,Male,0,4,1,10,4,1,1,144,36,36
331035,Regular Shoppers,Male,0,2,5,120,2,1,3,322,368.96,1844.8
331167,Regular Shoppers,Male,0,3,2,49,2,1,2,232,955,1910
331213,Regular Shoppers,Male,0,2,4,123,3,1,3,323,102.5,410
331483,Regular Shoppers,Male,0,4,1,21,4,1,2,244,42,42
331637,Regular Shoppers,Male,0,4,1,125,4,1,3,344,11.8,11.8
332323,Regular Shoppers,Male,0,2,9,131,3,1,3,323,12.888888889,116
332516,Regular Shoppers,Male,0,2,7,61,3,1,2,223,77.5,542.5
332719,Regular Shoppers,Male,0,2,6,25,3,1,2,223,60.166666667,361
332776,Regular Shoppers,Male,0,3,3,110,3,1,3,333,74.133333333,222.4
332793,Regular Shoppers,Male,0,3,2,123,4,1,3,334,32,64
332914,Regular Shoppers,Male,0,3,2,106,2,1,3,332,555.6,1111.2
333078,Regular Shoppers,Male,0,3,2,284,3,1,4,433,90,180
333313,Regular Shoppers,Male,0,3,2,204,2,1,4,432,572.1,1144.2
333322,Regular Shoppers,Male,0,3,2,104,3,1,3,333,122.6,245.2
333397,Regular Shoppers,Male,0,2,4,256,3,1,4,423,132.55,530.2
334094,Regular Shoppers,Male,0,3,2,4,3,1,1,133,119.5,239
334275,Regular Shoppers,Male,0,3,2,22,4,1,2,234,12,24
334658,Regular Shoppers,Male,0,2,4,116,2,1,3,322,447.75,1791
334770,Regular Shoppers,Male,0,3,2,47,2,1,2,232,610,1220
334786,Regular Shoppers,Male,0,3,3,31,2,1,2,232,224.533333333,673.6
334849,Regular Shoppers,Male,0,2,8,3,3,1,1,123,43.25,346
335056,Regular Shoppers,Male,0,3,2,0,3,1,1,133,72.5,145
335057,Regular Shoppers,Male,0,2,6,8,3,1,1,123,42.2,253.2
335274,Regular Shoppers,Male,0,3,2,11,3,1,1,133,130.05,260.1
335656,Regular Shoppers,Male,0,4,1,22,3,1,2,243,265,265
335663,Regular Shoppers,Male,0,2,5,56,2,1,2,222,376,1880
335674,Regular Shoppers,Male,0,3,2,281,3,1,4,433,59.95,119.9
335732,Regular Shoppers,Male,0,4,1,74,4,1,3,344,10.8,10.8
335822,Regular Shoppers,Male,0,3,2,109,3,1,3,333,64,128
335965,Regular Shoppers,Male,0,3,3,132,3,1,3,333,180,540
335970,Regular Shoppers,Male,0,2,4,31,3,1,2,223,94.25,377
336015,Regular Shoppers,Male,0,4,1,263,3,1,4,443,122.8,122.8
336191,Regular Shoppers,Male,0,4,1,92,4,1,3,344,32.7,32.7
336369,Regular Shoppers,Male,0,3,2,81,3,1,3,333,240.4,480.8
336927,Regular Shoppers,Male,0,4,1,67,4,1,3,344,53.2,53.2
336983,Regular Shoppers,Male,0,3,3,3,3,1,1,133,49.066666667,147.2
337393,Regular Shoppers,Male,0,3,3,134,4,1,3,334,22.4,67.2
337475,Regular Shoppers,Male,0,4,1,110,3,1,3,343,110,110
337570,Regular Shoppers,Male,0,2,6,14,2,1,1,122,91.183333333,547.1
337573,Regular Shoppers,Male,0,3,3,213,3,1,4,433,160.6,481.8
337594,Regular Shoppers,Male,0,2,4,111,2,1,3,322,187.9,751.6
337705,Regular Shoppers,Male,0,4,1,71,3,1,3,343,186,186
337728,Regular Shoppers,Male,0,4,1,92,2,1,3,342,1025.4,1025.4
337777,Regular Shoppers,Male,0,4,1,110,3,1,3,343,313,313
338064,Regular Shoppers,Male,0,3,3,171,3,1,4,433,58.333333333,175
338065,Regular Shoppers,Male,0,3,2,153,3,1,4,433,126,252
338150,Regular Shoppers,Male,0,2,5,3,3,1,1,123,66,330
338344,Regular Shoppers,Male,0,3,3,0,2,1,1,132,186.266666667,558.8
338572,Regular Shoppers,Male,0,4,1,194,2,1,4,442,848,848
338831,Regular Shoppers,Male,0,3,2,92,3,1,3,333,251.3,502.6
338865,Regular Shoppers,Male,0,4,1,238,2,1,4,442,648,648
339036,Regular Shoppers,Male,0,2,4,8,4,1,1,124,24.55,98.2
339154,Regular Shoppers,Male,0,3,3,47,4,1,2,234,28.666666667,86
339313,Regular Shoppers,Male,0,4,1,31,3,1,2,243,117.5,117.5
339953,Regular Shoppers,Male,0,3,3,62,2,1,3,332,195.6,586.8
339998,Regular Shoppers,Male,0,3,2,82,2,1,3,332,411.6,823.2
340008,Regular Shoppers,Male,0,3,3,41,3,1,2,233,132.333333333,397
340094,Regular Shoppers,Male,0,3,2,11,4,1,1,134,18.6,37.2
343425,Regular Shoppers,Male,0,4,1,31,3,1,2,243,215.5,215.5
343679,Regular Shoppers,Male,0,4,1,62,4,1,3,344,8.8,8.8
602008,Regular Shoppers,Male,0,2,9,103,2,1,3,322,68.596155556,617.3654
602072,Regular Shoppers,Male,0,2,4,39,2,1,2,222,146.9019,587.6076
666245,Regular Shoppers,Male,0,2,5,148,3,1,4,423,33.64,168.2
666248,Regular Shoppers,Male,0,3,2,18,2,1,1,132,459.2,918.4
666535,Regular Shoppers,Male,0,2,6,20,2,1,1,122,105.757716667,634.5463
666544,Regular Shoppers,Male,0,2,4,167,2,1,4,422,648.8011,2595.2044
666545,Regular Shoppers,Male,0,3,2,29,2,1,2,232,408.0834,816.1668
666550,Regular Shoppers,Male,0,3,2,140,2,1,3,332,1270.1785,2540.357
666567,Regular Shoppers,Male,0,2,8,21,2,1,2,222,85.497,683.976
666570,Regular Shoppers,Male,0,4,1,224,3,1,4,443,331.6,331.6
869004,Regular Shoppers,Male,0,2,6,48,2,1,2,222,273.416666667,1640.5
869006,Regular Shoppers,Male,0,3,3,209,4,1,4,434,22.0435,66.1305
869007,Regular Shoppers,Male,0,2,5,22,2,1,2,222,145.3,726.5
869015,Regular Shoppers,Male,0,2,4,208,2,1,4,422,657.9566,2631.8264
869016,Regular Shoppers,Male,0,2,5,103,2,1,3,322,305.48,1527.4
869019,Regular Shoppers,Male,0,2,4,70,2,1,3,322,215.55,862.2
869025,Regular Shoppers,Male,0,3,3,260,2,1,4,432,542.666666667,1628
869027,Regular Shoppers,Male,0,3,3,63,2,1,3,332,206.333333333,619
869028,Regular Shoppers,Male,0,3,2,7,2,1,1,132,509.2,1018.4
869055,Regular Shoppers,Male,0,3,3,144,3,1,4,433,36.133333333,108.4
869112,Regular Shoppers,Male,0,3,3,39,2,1,2,232,291.919233333,875.7577
869113,Regular Shoppers,Male,0,4,1,119,4,1,3,344,10.8944,10.8944
869131,Regular Shoppers,Male,0,3,2,242,2,1,4,432,1308.45075,2616.9015
869132,Regular Shoppers,Male,0,3,2,35,2,1,2,232,907.087,1814.174
869141,Regular Shoppers,Male,0,3,2,166,2,1,4,432,642.3,1284.6
869142,Regular Shoppers,Male,0,4,1,211,3,1,4,443,288.7056,288.7056
869344,Regular Shoppers,Male,0,2,6,123,2,1,3,322,202.086433333,1212.5186
869350,Regular Shoppers,Male,0,2,6,182,2,1,4,422,256.160833333,1536.965
869351,Regular Shoppers,Male,0,3,2,40,3,1,2,233,127.337,254.674
869352,Regular Shoppers,Male,0,3,3,298,3,1,4,433,154.0072,462.0216
869365,Regular Shoppers,Male,0,4,1,46,3,1,2,243,162,162
869378,Regular Shoppers,Male,0,2,5,29,2,1,2,222,183.01248,915.0624
869380,Regular Shoppers,Male,0,4,1,109,4,1,3,344,37,37
869382,Regular Shoppers,Male,0,3,3,125,4,1,3,334,22.973333333,68.92
869389,Regular Shoppers,Male,0,3,3,46,2,1,2,232,381.223333333,1143.67
869391,Regular Shoppers,Male,0,3,3,91,3,1,3,333,163.2,489.6
869404,Regular Shoppers,Male,0,4,1,113,4,1,3,344,60,60
869420,Regular Shoppers,Male,0,2,5,119,3,1,3,323,29.86,149.3
869435,Regular Shoppers,Male,0,2,9,165,2,1,4,422,258.4,2325.6
869437,Regular Shoppers,Male,0,2,5,208,2,1,4,422,253.1,1265.5
869438,Regular Shoppers,Male,0,3,2,4,3,1,1,133,108,216
869441,Regular Shoppers,Male,0,2,4,21,2,1,2,222,387.8875,1551.55
869442,Regular Shoppers,Male,0,3,2,50,2,1,2,232,637.4268,1274.8536
869443,Regular Shoppers,Male,0,3,2,43,2,1,2,232,1347.5,2695
250607,High Value Shoppers,Male,0,2,4,27,1,1,2,221,721.14165,2884.5666
251954,High Value Shoppers,Male,0,2,4,209,1,1,4,421,810.3049,3241.2196
253161,High Value Shoppers,Male,0,2,6,207,1,1,4,421,740.006666667,4440.04
255501,High Value Shoppers,Male,0,2,5,41,1,1,2,221,3889.686,19448.43
255516,High Value Shoppers,Male,0,4,1,54,1,1,2,241,3600,3600
255586,High Value Shoppers,Male,0,2,10,76,1,1,3,321,705.22382,7052.2382
255588,High Value Shoppers,Male,0,2,6,71,1,1,3,321,1016.26385,6097.5831
255590,High Value Shoppers,Male,0,2,8,75,1,1,3,321,1367.37005,10938.9604
255592,High Value Shoppers,Male,0,3,3,207,1,1,4,431,1579.4564,4738.3692
255594,High Value Shoppers,Male,0,2,7,19,1,1,1,121,850.379442857,5952.6561
255688,High Value Shoppers,Male,0,2,10,15,1,1,1,121,697.04075,6970.4075
255690,High Value Shoppers,Male,0,2,4,25,1,1,2,221,2263.904425,9055.6177
262009,High Value Shoppers,Male,0,3,3,15,1,1,1,131,1028.666666667,3086
262237,High Value Shoppers,Male,0,2,4,43,1,1,2,221,1260.5,5042
666533,High Value Shoppers,Male,0,3,2,112,1,1,3,331,4105.4325,8210.865
666534,High Value Shoppers,Male,0,2,6,29,1,1,2,221,555.756433333,3334.5386
666549,High Value Shoppers,Male,0,2,7,5,1,1,1,121,493.465828571,3454.2608
666558,High Value Shoppers,Male,0,2,5,68,1,1,3,321,696.11006,3480.5503
666571,High Value Shoppers,Male,0,2,5,11,1,1,1,121,908.27712,4541.3856
869045,High Value Shoppers,Male,0,3,3,182,1,1,4,431,1813.666666667,5441
869091,High Value Shoppers,Male,0,4,1,84,1,1,3,341,2780,2780
869359,High Value Shoppers,Male,0,2,7,89,1,1,3,321,932.235714286,6525.65
869361,High Value Shoppers,Male,0,2,8,14,1,1,1,121,536.33125,4290.65
869440,High Value Shoppers,Male,0,2,9,78,1,1,3,321,760.885444444,6847.969
250458,Lost Customer,Male,0,1,12,244,1,1,4,411,380.968658333,4571.6239
255563,Lost Customer,Male,0,1,15,165,1,1,4,411,1396.82912,20952.4368
262098,Lost Customer,Male,0,1,16,182,1,1,4,411,4006.2343,64099.7488
869047,Lost Customer,Male,0,1,27,147,1,1,4,411,373.884159259,10094.8723
200017,Window Shoppers,Male,0,4,1,169,4,1,4,444,17,17
200052,Window Shoppers,Male,0,4,1,187,4,1,4,444,50,50
200078,Window Shoppers,Male,0,4,1,285,4,1,4,444,16,16
200268,Window Shoppers,Male,0,4,1,231,4,1,4,444,4.2,4.2
200353,Window Shoppers,Male,0,4,1,272,4,1,4,444,32,32
200956,Window Shoppers,Male,0,4,1,258,4,1,4,444,20,20
201161,Window Shoppers,Male,0,4,1,253,4,1,4,444,76.4,76.4
201420,Window Shoppers,Male,0,4,1,285,4,1,4,444,15.6,15.6
201507,Window Shoppers,Male,0,4,1,248,4,1,4,444,25.2,25.2
201653,Window Shoppers,Male,0,4,1,153,4,1,4,444,60,60
201927,Window Shoppers,Male,0,4,1,258,4,1,4,444,6,6
202501,Window Shoppers,Male,0,4,1,273,4,1,4,444,12,12
202511,Window Shoppers,Male,0,4,1,180,4,1,4,444,13.6,13.6
203317,Window Shoppers,Male,0,4,1,300,4,1,4,444,30,30
203327,Window Shoppers,Male,0,4,1,273,4,1,4,444,60,60
203344,Window Shoppers,Male,0,4,1,258,4,1,4,444,26,26
203364,Window Shoppers,Male,0,4,1,273,4,1,4,444,10,10
203889,Window Shoppers,Male,0,4,1,232,4,1,4,444,30,30
230009,Window Shoppers,Male,0,4,1,246,4,1,4,444,100,100
230126,Window Shoppers,Male,0,4,1,273,4,1,4,444,12.4,12.4
230321,Window Shoppers,Male,0,4,1,285,4,1,4,444,48,48
230372,Window Shoppers,Male,0,4,1,293,4,1,4,444,48,48
230490,Window Shoppers,Male,0,4,1,293,4,1,4,444,23.8,23.8
230495,Window Shoppers,Male,0,4,1,165,4,1,4,444,9.9,9.9
230624,Window Shoppers,Male,0,4,1,301,4,1,4,444,10.4,10.4
230770,Window Shoppers,Male,0,4,1,252,4,1,4,444,4.4,4.4
230799,Window Shoppers,Male,0,4,1,287,4,1,4,444,78,78
230924,Window Shoppers,Male,0,4,1,166,4,1,4,444,9.8,9.8
230933,Window Shoppers,Male,0,4,1,186,4,1,4,444,57,57
230952,Window Shoppers,Male,0,4,1,228,4,1,4,444,104,104
231372,Window Shoppers,Male,0,4,1,145,4,1,4,444,16,16
232432,Window Shoppers,Male,0,4,1,237,4,1,4,444,36,36
232442,Window Shoppers,Male,0,4,1,175,4,1,4,444,22,22
232444,Window Shoppers,Male,0,4,1,155,4,1,4,444,19.8,19.8
869023,Frequent Shopper,Male,0,1,11,106,2,1,3,312,219.808554545,2417.8941
869029,Frequent Shopper,Male,0,1,30,21,1,1,2,211,707.303333333,21219.1
869054,Frequent Shopper,Male,0,1,13,48,1,1,2,211,1153.125384615,14990.63
869153,Frequent Shopper,Male,0,1,104,28,1,1,2,211,109.8759875,11427.1027
869341,Frequent Shopper,Male,0,1,17,34,1,1,2,211,439.390152941,7469.6326
869342,Frequent Shopper,Male,0,1,14,55,2,1,2,212,106.05355,1484.7497
869363,Frequent Shopper,Male,0,1,13,29,1,1,2,211,323.175384615,4201.28
869369,Frequent Shopper,Male,0,1,164,39,1,1,2,211,343.436728659,56323.6235
869370,Frequent Shopper,Male,0,1,109,36,1,1,2,211,219.392177064,23913.7473
869375,Frequent Shopper,Male,0,1,16,39,1,1,2,211,255.0125,4080.2
869386,Frequent Shopper,Male,0,1,39,54,2,1,2,212,55.903333333,2180.23
869395,Frequent Shopper,Male,0,1,55,50,1,1,2,211,365.306174545,20091.8396
869436,Frequent Shopper,Male,0,1,17,27,1,1,2,211,171.252941176,2911.3
869439,Frequent Shopper,Male,0,1,21,120,2,1,3,312,82.998995238,1742.9789
318812,Premium Shoppers,Male,0,1,14,4,1,1,1,111,3495.690371429,48939.6652
319447,Premium Shoppers,Male,0,1,33,0,1,1,1,111,12641.424242424,417167
323489,Premium Shoppers,Male,0,1,34,4,1,1,1,111,15056.994852941,511937.825
325265,Premium Shoppers,Male,0,1,28,3,1,1,1,111,210.217857143,5886.1
325857,Premium Shoppers,Male,0,1,207,0,1,1,1,111,230.451207729,47703.4
326818,Premium Shoppers,Male,0,1,23,6,1,1,1,111,133.665217391,3074.3
329965,Premium Shoppers,Male,0,1,20,1,1,1,1,111,1486.1505,29723.01
331587,Premium Shoppers,Male,0,1,23,0,1,1,1,111,24623.052173913,566330.2
334551,Premium Shoppers,Male,0,1,63,0,1,1,1,111,98.896825397,6230.5
335059,Premium Shoppers,Male,0,1,50,4,1,1,1,111,163.8,8190
335661,Premium Shoppers,Male,0,1,78,4,1,1,1,111,49.438461538,3856.2
335662,Premium Shoppers,Male,0,1,17,18,1,1,1,111,307.223529412,5222.8
336411,Premium Shoppers,Male,0,1,25,0,1,1,1,111,136.8108,3420.27
336412,Premium Shoppers,Male,0,1,33,0,1,1,1,111,130.487272727,4306.08
338636,Premium Shoppers,Male,0,1,27,0,1,1,1,111,353.892592593,9555.1
666228,Premium Shoppers,Male,0,1,227,15,1,1,1,111,854.244637445,193913.5327
666530,Premium Shoppers,Male,0,1,144,8,1,1,1,111,235.413754167,33899.5806
666569,Premium Shoppers,Male,0,1,44,20,1,1,1,111,333.343395455,14667.1094
869005,Premium Shoppers,Male,0,1,20,12,1,1,1,111,799.62471,15992.4942
869093,Premium Shoppers,Male,0,1,13,4,1,1,1,111,658.668984615,8562.6968
869114,Premium Shoppers,Male,0,1,155,0,1,1,1,111,859.403854194,133207.5974
869343,Premium Shoppers,Male,0,1,42,0,1,1,1,111,453.882295238,19063.0564
869356,Premium Shoppers,Male,0,1,18,19,1,1,1,111,196.487427778,3536.7737
869357,Premium Shoppers,Male,0,1,32,14,1,1,1,111,630.81535625,20186.0914
869367,Premium Shoppers,Male,0,1,26,19,1,1,1,111,689.541538462,17928.08
869376,Premium Shoppers,Male,0,1,11,6,1,1,1,111,453.707918182,4990.7871
869379,Premium Shoppers,Male,0,1,21,0,1,1,1,111,411.282161905,8636.9254
869419,Premium Shoppers,Male,0,1,127,18,1,1,1,111,81.944724409,10406.98
869433,Premium Shoppers,Male,0,1,242,0,1,1,1,111,106.356126033,25738.1825
869434,Premium Shoppers,Male,0,1,39,20,1,1,1,111,102.784410256,4008.592
